date,aggregate_flow_pressure_proxy,aggregate_flow_pressure_z
2019-01-03,-3786521.0871308907,
2019-01-04,5330029.610345242,
2019-01-07,926383.8927155327,
2019-01-08,1090939.428889766,
2019-01-09,514322.61877392884,-0.09309090308390934
2019-01-10,383526.89118536573,-0.12422662982503671
2019-01-11,25275.86119470018,-0.23163482340690006
2019-01-14,-480841.66761685646,-0.39391016868826917
2019-01-15,1126733.6634168015,0.23798305216836071
2019-01-16,216846.40330374305,-0.14391012966240488
2019-01-17,820253.5394101033,0.12381100810495134
2019-01-18,1917271.7631581158,0.6104002770274737
2019-01-22,-1786687.6404070915,-1.0990084162752785
2019-01-23,198430.77566784658,-0.1336580828749086
2019-01-24,45152.233286776886,-0.20385091246158682
2019-01-25,908779.3933963858,0.23871717254025063
2019-01-28,-736903.9470788878,-0.6215238882598488
2019-01-29,-101157.81848640637,-0.2646073205200753
2019-01-30,1687504.0534381042,0.7158905478381258
2019-01-31,1048553.4869664824,0.3406664573462593
2019-02-01,51273.54968608492,-0.4378601176370205
2019-02-04,501995.9565305168,0.0991315799486926
2019-02-05,378285.3461951407,-0.01451430631565084
2019-02-06,-88285.57625038599,-0.5060356271920115
2019-02-07,-1059703.8738224078,-1.4844150596250087
2019-02-08,101128.07081955991,-0.15557365794630806
2019-02-11,45698.925757501944,-0.21947436947101628
2019-02-12,1103851.8517272568,0.884854411631851
2019-02-13,239240.35373604763,-0.04078188144816087
2019-02-14,-212948.70325552474,-0.5336649689826052
2019-02-15,1171707.833730426,1.013909965631431
2019-02-19,117889.56707474214,-0.07851485230774417
2019-02-20,175036.21845303872,-0.15895622882148863
2019-02-21,-258084.40047477838,-0.774750522937338
2019-02-22,537731.2998634274,0.3870496006989731
2019-02-25,111402.17655509175,-0.19941434080102918
2019-02-26,-51753.502862499095,-0.534646638988727
2019-02-27,-26476.95442730058,-0.5011947856082485
2019-02-28,-147654.39190205318,-0.6475321170850539
2019-03-01,562022.3213997624,0.8244026770461138
2019-03-04,-436446.7979070357,-1.1440422343077452
2019-03-05,-91850.86394422251,-0.40302608230615683
2019-03-06,-508574.30470773927,-1.120356135659855
2019-03-07,-904500.4467268039,-1.6725392321944215
2019-03-08,-196231.38058220263,-0.5291786891369478
2019-03-11,1055342.0820573582,1.730862264208249
2019-03-12,322476.3343323071,0.35638643151478655
2019-03-13,579559.1961651925,0.9416111572843567
2019-03-14,-46153.82258955045,-0.2637421007053625
2019-03-15,441933.5456035713,0.6330707725809989
2019-03-18,256372.03265981312,0.40787847622171247
2019-03-19,25024.689887331027,-0.10082637787971092
2019-03-20,-295508.51488650945,-0.7561860122833405
2019-03-21,1007579.2545165571,1.8176691213582354
2019-03-22,-2673813.7734475927,-3.344642918624184
2019-03-25,-73663.90470676403,-0.017295974300154688
2019-03-26,583614.3515575344,0.768379624096865
2019-03-27,-422644.3052261621,-0.46735420458145255
2019-03-28,240894.89678303874,0.33557679290588494
2019-03-29,589011.8226368482,0.7661512596640999
2019-04-01,1049322.746274917,1.203571213438279
2019-04-02,21608.552012482254,-0.03721674716937055
2019-04-03,122947.14390887495,0.04720188735891114
2019-04-04,147116.84529903744,0.013167248578698809
2019-04-05,317700.2242240209,0.19777098847910388
2019-04-08,46943.92499107044,-0.08600925024287727
2019-04-09,-383220.25086013053,-0.6030799262817051
2019-04-10,208521.55889298144,0.19932352320333646
2019-04-11,-15866.437829684917,-0.10020282593830454
2019-04-12,519120.1986232043,0.602342670094179
2019-04-15,-37776.012038643545,-0.11469454403228671
2019-04-16,39527.55936137752,-0.013298409264737271
2019-04-17,-169608.40664193852,-0.29954848183751975
2019-04-18,153639.1830731685,0.19526915374737366
2019-04-22,39267.25080571643,-0.31870966057366656
2019-04-23,555651.5463884589,1.0693025421803215
2019-04-24,-122548.99358388773,-0.7782192717376178
2019-04-25,-41241.90610421543,-0.6407157650467953
2019-04-26,269426.0122767423,0.32399531588443187
2019-04-29,98896.97314263514,-0.13789714731246014
2019-04-30,45136.819625258664,-0.20934723003479164
2019-05-01,-607583.0159769736,-2.487542367881679
2019-05-02,-156595.619228699,-0.7427445029666319
2019-05-03,624959.9603286996,1.8479274849021383
2019-05-06,-475727.5598748777,-1.588574020994887
2019-05-07,-2658686.942410321,-3.7550150606285633
2019-05-08,-144305.90328520685,-0.07463562783320972
2019-05-09,-343241.666659357,-0.3286336801522856
2019-05-10,613305.5892829378,1.0123279869290134
2019-05-13,-3586992.1384301097,-3.19375168323084
2019-05-14,793693.7915592861,0.9899039351571179
2019-05-15,478724.7291421629,0.6646024922355824
2019-05-16,795777.2644038211,0.895553261476498
2019-05-17,-700813.0728930568,-0.43300139436002605
2019-05-20,-463218.7659019675,-0.19345832115611006
2019-05-21,491584.365405957,0.6824583120702394
2019-05-22,-175975.24301155505,0.07426787713495811
2019-05-23,-1340563.1168930707,-0.911169653216708
2019-05-24,136362.64317609178,0.4173673885262734
2019-05-28,-731382.7584252267,-0.3244080822466308
2019-05-29,-799592.6349217116,-0.34791883054383044
2019-05-30,192829.30806764617,0.5049576774527594
2019-05-31,-1327177.7453178936,-0.7874087327344235
2019-06-03,-284575.02131743735,0.17266261670613114
2019-06-04,1895291.1642192784,1.8295269154053935
2019-06-05,717710.4245340724,0.8049657466208254
2019-06-06,510534.4458652856,0.5863600840654968
2019-06-07,809404.0488149847,0.7852864900692016
2019-06-10,322747.68195553985,0.3795351192734472
2019-06-11,-16691.601722379957,-0.10148166154029678
2019-06-12,-93960.4820732586,-0.14545338343811404
2019-06-13,228572.94223221287,0.2810278698294377
2019-06-14,-65192.828422456005,-0.040038300917635564
2019-06-17,20657.79599319491,0.025886590854722454
2019-06-18,985899.1771045735,1.1880368638778982
2019-06-19,216468.61218571867,0.20517368609926306
2019-06-20,1213427.3734723814,1.351618763225492
2019-06-21,-128906.91269286897,-0.4386416463162579
2019-06-24,-77423.47048663684,-0.35199750799203033
2019-06-25,-877850.487532313,-1.4188775633082906
2019-06-26,-62699.70547422957,-0.3844186155334254
2019-06-27,175871.93495039895,-0.045611860303234206
2019-06-28,368223.48146620445,0.12401599154236309
2019-07-01,814951.1912638348,0.7755404933562771
2019-07-02,186903.2366026811,-0.15735062847622305
2019-07-03,376107.36950071907,0.27885429686290036
2019-07-05,-67314.00830826563,-0.6044118753347573
2019-07-08,-296841.9604643514,-0.9933399201393557
2019-07-09,62539.8555400496,-0.18610925126490332
2019-07-10,311509.730777604,0.3197658840171736
2019-07-11,136373.56797894253,-0.08710798330445062
2019-07-12,225929.26105819028,0.10973316624629323
2019-07-15,9796.626916472585,-0.3743225438928435
2019-07-16,-135341.78166007137,-0.6707290918722322
2019-07-17,-288024.829947886,-0.9292659394555147
2019-07-18,223272.22073909317,0.26906741899151093
2019-07-19,-367294.97433229216,-1.131557634329132
2019-07-22,119769.4759039271,0.22296272890614788
2019-07-23,357491.9263907512,0.8280917912689741
2019-07-24,254386.09900157116,0.48084724001684126
2019-07-25,-302330.8200691897,-1.4062260095783479
2019-07-26,345901.27313909953,0.7726337802233754
2019-07-29,-82726.70951769935,-0.6029454486326699
2019-07-30,-130172.03656478248,-0.7286518093486151
2019-07-31,-1315760.5783250052,-3.325849355986827
2019-08-01,-1427885.329540257,-2.6965435194003975
2019-08-02,-1028043.5682291776,-1.6376831640635685
2019-08-05,-5969801.092765587,-3.938813854135926
2019-08-06,1866202.297438215,1.4927282425078
2019-08-07,95004.01705279546,0.31317846767498214
2019-08-08,1979092.038496543,1.4338732216317756
2019-08-09,-700160.9261550818,-0.23868489702210569
2019-08-12,-888131.0681501833,-0.3290929417037616
2019-08-13,1614007.7608152616,1.1588531287949935
2019-08-14,-4426211.376357167,-2.0936021311985695
2019-08-15,293425.150556859,0.41397319672603067
2019-08-16,1373897.0267247509,0.9196026114330003
2019-08-19,731125.6470242608,0.5663098093445935
2019-08-20,-446260.44365877786,-0.01967420671975977
2019-08-21,455937.35459968494,0.44080134727238657
2019-08-22,-19698.79934778151,0.18785549517086453
2019-08-23,-4191607.378898275,-1.6989845060758113
2019-08-26,892411.0449320698,0.6823812492981988
2019-08-27,-293675.9270459428,0.12986519554021128
2019-08-28,482036.4152454508,0.45080790684662037
2019-08-29,860490.4534597371,0.5723744607632445
2019-08-30,-30603.01540526772,0.133534873700638
2019-09-03,-478714.9568749015,-0.26070424947515153
2019-09-04,601628.1764358549,0.4349750855985257
2019-09-05,1185924.1505754148,0.7495374734349207
2019-09-06,42623.76208309323,0.12012498575631676
2019-09-09,29263.104379310236,0.08885294332249274
2019-09-10,-9955.753732856263,0.03629048318226206
2019-09-11,556988.3510821495,0.44478607501788137
2019-09-12,284762.71473611775,0.1487266619837736
2019-09-13,-47705.680007592884,-0.12926598009108214
2019-09-16,-194552.32629016988,-0.19637169604797963
2019-09-17,124462.53129121556,0.12400138148638767
2019-09-18,47135.09319820381,0.0299423516361846
2019-09-19,-7590.915632762555,0.0006785132826762197
2019-09-20,-475837.47022409405,-0.4125064869897319
2019-09-23,-5765.372326574592,-0.40610618434368023
2019-09-24,-875414.7913322015,-2.0192394958299054
2019-09-25,500428.01954409666,0.7769360343263674
2019-09-26,-133123.15083678302,-0.4898079342278733
2019-09-27,-501523.02767757414,-1.1679572657083237
2019-09-30,280513.02265463845,0.5108470116292029
2019-10-01,-1190045.6445368447,-2.289453955819952
2019-10-02,-2419057.780344588,-3.091314071586843
2019-10-03,797749.5752035227,1.3587603862926065
2019-10-04,1007544.7824249048,1.4904730896101763
2019-10-07,-285651.38932691974,-0.2107977268447544
2019-10-08,-1616759.992040169,-1.717234391383246
2019-10-09,672392.2171981968,1.0576990790158867
2019-10-10,432074.70343087846,0.753315022729755
2019-10-11,1130865.9562342206,1.434397622416602
2019-10-14,-48321.12053314098,0.09056974947987162
2019-10-15,532727.0171789961,0.7167055280344246
2019-10-16,-89053.87863891527,0.02870736213173012
2019-10-17,154648.67638841696,0.291921688085067
2019-10-18,-304263.8652710166,-0.23124798129823498
2019-10-21,324106.27116995066,0.45229896356029486
2019-10-22,-185332.86477743657,-0.15760311346646635
2019-10-23,112560.01145857984,0.205884164841291
2019-10-24,69389.66413629088,0.1445089983546853
2019-10-25,227860.02298735536,0.28624796555484616
2019-10-28,291529.5006814091,0.35911536141757083
2019-10-29,-15606.333704955243,-0.06712854168289033
2019-10-30,177120.49532201805,0.013481984229369826
2019-10-31,-211540.73425542418,-0.5817617590699211
2019-11-01,730193.5067862273,1.1408604760221701
2019-11-04,275928.5753781142,0.26398547842126197
2019-11-05,-59362.10470383305,-0.7570034133211818
2019-11-06,11581.583745144537,-0.4857143368313973
2019-11-07,218448.87827503544,0.15202749866242934
2019-11-08,137099.49036316437,0.07856649059159755
2019-11-11,-77642.73868879984,-0.7723164134249747
2019-11-12,108728.87398052977,0.06026527170414034
2019-11-13,20411.505144377017,-0.3511515550009723
2019-11-14,82986.54664151774,-0.0604157824309993
2019-11-15,510854.71853974415,1.6630024892656325
2019-11-18,40797.683206307454,-0.3732440842633454
2019-11-19,-21282.41850210671,-0.7212343133895253
2019-11-20,-330899.91848615545,-1.8671130902103046
2019-11-21,-100258.7372619206,-0.8368900316587704
2019-11-22,111378.07690209385,0.06858318531188587
2019-11-25,442956.3294691736,1.376451871850355
2019-11-26,99118.56089848501,-0.037492142393275744
2019-11-27,226552.92022844515,0.469215581153692
2019-11-29,-155278.17891852887,-1.106036808804101
2019-12-02,-743310.1307317115,-2.918380281769025
2019-12-03,-560288.4830256657,-1.9017444833229078
2019-12-04,350754.4080963905,1.0940771817079307
2019-12-05,85180.63783354303,0.2068502212827337
2019-12-06,521529.6118665987,1.506699999332256
2019-12-09,-129968.42623708784,-0.47783936834461344
2019-12-10,-65947.79117217223,-0.2812752614448609
2019-12-11,172432.2650712769,0.4468699516841157
2019-12-12,928632.0014508502,2.2450004251695
2019-12-13,51544.002680514925,-0.05296558130823726
2019-12-16,637083.1978286318,1.434839097312199
2019-12-17,16228.384325004103,-0.15541727051073548
2019-12-18,4422.710436448677,-0.1891469136893527
2019-12-19,394869.9066143892,0.7320889344764165
2019-12-20,715728.616196751,1.3942098818294992
2019-12-23,88785.76850009932,-0.16226521453641563
2019-12-24,1326.937412904743,-0.32856546931758723
2019-12-26,203663.0170259899,0.16706342924454548
2019-12-27,-13627.810009313902,-0.34822918435751526
2019-12-30,-330422.5768098379,-1.0980383846400061
2019-12-31,160806.1620309515,-0.00235208338474207
2020-01-02,647136.8429969043,1.3069951478862643
2020-01-03,-668245.3045427802,-2.2124484893298915
2020-01-06,262680.3751198922,0.21814897947899065
2020-01-07,-135950.40811731466,-0.7514163083090364
2020-01-08,424042.5884501804,0.663765592355328
2020-01-09,377526.52259028266,0.48327529146999476
2020-01-10,-184436.9974879092,-0.9483783273846393
2020-01-13,394293.9279650094,0.7011569339716857
2020-01-14,-107559.65407944657,-0.7214058587126763
2020-01-15,185127.01725796296,0.1919493797325831
2020-01-16,535745.0204468057,1.1366287922021303
2020-01-17,328003.8499409597,0.4798548685261597
2020-01-21,-177451.52720903582,-0.9055907427659955
2020-01-22,8763.205221351265,-0.2869519030171535
2020-01-23,74092.9091943822,-0.07918325034204338
2020-01-24,-885112.5361061167,-2.430706505587875
2020-01-27,-1592706.1098975507,-2.9294328150940006
2020-01-28,805484.8021022201,1.4171816100481476
2020-01-29,-50771.359222381696,-0.1267954719117167
2020-01-30,278047.03468602785,0.44947825860678464
2020-01-31,-2370967.6368658133,-2.9678714275518545
2020-02-03,583378.0618832776,0.8483329537412052
2020-02-04,1088491.6390614228,1.385030958050785
2020-02-05,882526.1382534896,1.033018013636841
2020-02-06,199121.11439634065,0.219820126020967
2020-02-07,-393397.8040084835,-0.45447757525255983
2020-02-10,375252.401001112,0.4449716962586737
2020-02-11,118402.29487710816,0.15129086648684495
2020-02-12,345661.38054450485,0.39895883289286443
2020-02-13,-71092.00984236626,-0.09129507988301085
2020-02-14,119760.83136259366,0.1675929055279419
2020-02-18,-169936.5336843892,-0.1582356739437022
2020-02-19,269730.670426607,0.3554126461567532
2020-02-20,-358705.34565584036,-0.3931766425391286
2020-02-21,-1274626.1598160577,-1.3578115873974648
2020-02-24,-6116600.8209062,-3.6079094226316246
2020-02-25,-7559650.687342624,-3.0559387082092626
2020-02-26,-851831.8181079724,-0.04663277439593811
2020-02-27,-14576030.65344759,-3.4461593134487556
2020-02-28,-2090343.9018604485,-0.13164923726934555
2020-03-02,11969108.463008637,2.6550287380057935
2020-03-03,-9456863.9232901,-1.5576564688182741
2020-03-04,8166150.10480793,1.6440509590659746
2020-03-05,-6808760.962050311,-0.9449960661436388
2020-03-06,-4241566.2631368665,-0.4552981508184556
2020-03-09,-28093841.6755906,-3.0489973915231876
2020-03-10,16205786.00975538,1.9892326487300627
2020-03-11,-14045784.123769594,-1.1563539050046054
2020-03-12,-44111428.94011004,-2.9376645657218314
2020-03-13,33656479.38432246,2.3443214560289225
2020-03-16,-38304121.122756034,-1.8691481825944394
2020-03-17,17127646.003804974,1.1837867055282754
2020-03-18,-19802717.326520987,-0.7689853880560554
2020-03-19,775034.8681467136,0.33619120887425724
2020-03-20,-16531760.52627793,-0.5502924157811335
2020-03-23,-9645463.105939064,-0.1727101820341013
2020-03-24,24813143.011518333,1.4817342754526526
2020-03-25,4986364.70723879,0.472373532357785
2020-03-26,17386008.547799584,0.9893598892508703
2020-03-27,-7630439.527270458,-0.21678359931516422
2020-03-30,6468243.839988588,0.48748211722293344
2020-03-31,-3327224.78274789,-0.008830577179760369
2020-04-01,-10127902.44458893,-0.3005443722252922
2020-04-02,4558950.987614525,0.3975010664612638
2020-04-03,-2243528.7499172017,0.056799941541674344
2020-04-06,14455199.696006527,0.7957242693388107
2020-04-07,229009.65077972366,0.11869478162657324
2020-04-08,5834873.811800977,0.35980645764310026
2020-04-09,3368116.383325551,0.1266481608492929
2020-04-13,-1282371.7906550434,-0.05807046858671682
2020-04-14,4574932.9695959715,0.253029595897737
2020-04-15,-2947220.4467289727,-0.33719923126485685
2020-04-16,725678.4348552944,-0.10304497875471293
2020-04-17,4544811.569003166,0.27197603420417854
2020-04-20,-2069888.1383468804,-0.5388150810048931
2020-04-21,-4499090.818108609,-0.8778185438997447
2020-04-22,2492849.666693472,0.10790231006717178
2020-04-23,-10213.105132589704,-0.23188385315835167
2020-04-24,1390646.2799955136,0.12163867671572338
2020-04-27,1348078.5644414425,0.034064502692271785
2020-04-28,-559475.0700915712,-0.27864686350227624
2020-04-29,3610134.2376568364,0.49831718958994087
2020-04-30,-1377222.1039929606,-0.7153261408885605
2020-05-01,-3727594.461536299,-1.1513140277570093
2020-05-04,272589.6726119853,-0.24884839840924916
2020-05-05,862387.7229275017,0.0784048595859896
2020-05-06,-563652.6244629065,-0.4066690182273741
2020-05-07,1042808.9432533218,0.2641227237187317
2020-05-08,1471049.1384466707,0.4818160501933661
2020-05-11,17167.743899635905,-0.1262360973385639
2020-05-12,-2215033.0467923353,-0.9482086570458219
2020-05-13,-2924343.7613475574,-1.2544748079402788
2020-05-14,1738659.0965603348,0.7212293810935572
2020-05-15,580127.6051565068,0.34937584410280575
2020-05-18,4189770.7614978803,1.7792275107734918
2020-05-19,-1112853.6090046822,-0.7150171517456874
2020-05-20,1676900.2950722617,0.704713757537476
2020-05-21,-615059.9378856223,-0.4387102975492845
2020-05-22,142593.1025293491,-0.025567036553670302
2020-05-26,1310132.78281225,0.5696728508568618
2020-05-27,1814281.3954885725,0.7566951571306377
2020-05-28,-203370.91802127258,-0.17595113764472725
2020-05-29,606860.202949647,0.21592259845701092
2020-06-01,297653.95347583736,-0.07895872707105564
2020-06-02,708622.6834600539,0.1732666339680595
2020-06-03,1518935.2036558301,0.6699870807232858
2020-06-04,-250011.45806197048,-0.47722927298185325
2020-06-05,4310439.340309216,2.0682496860532664
2020-06-08,1083846.8953886386,0.255583848137292
2020-06-09,-672145.306294891,-0.7141613290858154
2020-06-10,-632407.015871994,-0.7797669876701309
2020-06-11,-13704058.220390892,-3.880887643446251
2020-06-12,2599819.9000272355,0.6728739786994634
2020-06-15,1417773.483176462,0.3312872863495445
2020-06-16,2941494.3183774096,0.785124321356966
2020-06-17,-392512.2072308045,-0.1672700397735276
2020-06-18,39005.24309831063,-0.02194359355770372
2020-06-19,-840083.3601099263,-0.2687584556171094
2020-06-22,543393.0658534662,0.11898722262363336
2020-06-23,351999.0166793353,0.07842582928792943
2020-06-24,-3732808.8028519093,-0.9865123450320695
2020-06-25,1116524.3470221437,0.34816947728602915
2020-06-26,-3344372.3728320613,-0.823528648562997
2020-06-29,1330396.0291708158,0.43833932660896013
2020-06-30,1658107.257053729,0.5118827288357675
2020-07-01,581245.0777117258,0.23417395431124896
2020-07-02,431483.446939147,0.18399968202732989
2020-07-06,1128754.3170930673,0.4333362274997884
2020-07-07,-944006.7144538041,-0.12429725063325207
2020-07-08,483396.9510955533,0.26398608223257436
2020-07-09,-522676.7321105895,-0.022616586300305556
2020-07-10,668271.5853750277,0.23792947583799204
2020-07-13,-1020877.5000935982,-0.7068127169057128
2020-07-14,1402912.2138251797,0.8296418951938188
2020-07-15,942508.2358455361,0.6561090402141929
2020-07-16,-206953.2378224809,-0.14565376319945803
2020-07-17,202730.64452666877,0.1324087667381015
2020-07-20,519511.91894924425,0.3068510494796845
2020-07-21,141100.73610853616,0.057159709143718644
2020-07-22,385322.1577655277,0.22671873757457806
2020-07-23,-1015957.5465135839,-1.051628267572032
2020-07-24,-533684.0857469934,-0.5669616284369517
2020-07-27,414727.3638416272,0.14003212348361957
2020-07-28,-413493.2165512136,-0.8063438883865366
2020-07-29,681305.1807681469,0.7232431675537662
2020-07-30,-248319.9970452343,-0.524918920208703
2020-07-31,761877.6307836655,0.859408342142217
2020-08-03,450286.92196910555,0.49809908396998837
2020-08-04,194903.30208071292,0.04756870662941718
2020-08-05,316806.6035999557,0.2515793402571697
2020-08-06,352263.39883927396,0.24601644787430393
2020-08-07,46841.63929243159,-0.19953373089572782
2020-08-10,152716.66400769263,-0.13748873446884755
2020-08-11,-658680.0449485658,-1.558998732357354
2020-08-12,875693.7471070396,1.51954912664788
2020-08-13,-88799.50218691304,-0.4371947867288855
2020-08-14,605.5187133398377,-0.23525178845955158
2020-08-17,139675.44169414794,0.08649178121750069
2020-08-18,97586.9276625351,0.004134075931804869
2020-08-19,-310636.7840473426,-0.7617474082308332
2020-08-20,150820.67695890018,0.0760786723553826
2020-08-21,216689.77391312819,0.15495548449269334
2020-08-24,561280.9105829296,1.0084640609300706
2020-08-25,175174.15601146792,-0.049296665871178175
2020-08-26,595254.1869993022,1.114898114714093
2020-08-27,147902.55473535025,-0.17444655977983697
2020-08-28,382020.2183717759,0.5861142434079551
2020-08-31,-284529.2642719832,-1.2947937251218737
2020-09-01,605443.2918485617,1.22353653019026
2020-09-02,1189019.3489716651,2.318272921017186
2020-09-03,-5786646.60248344,-4.05608169906086
2020-09-04,-1258434.697025539,-0.7727799561865195
2020-09-08,-3492711.840528697,-1.9624109258965379
2020-09-09,2061282.190816721,1.336994162594734
2020-09-10,-1781343.6754649652,-0.8476641828965338
2020-09-11,48763.029537483875,0.2199873011209727
2020-09-14,989563.920808159,0.7313051926991905
2020-09-15,305753.16122463235,0.3314226057962932
2020-09-16,-354227.61461686663,-0.03591425318022723
2020-09-17,-879334.9579682314,-0.32154101886928743
2020-09-18,-1327172.0510739835,-0.5335018979108402
2020-09-21,-1275219.9444171067,-0.45997721569207617
2020-09-22,725374.1523753721,0.6745249509157185
2020-09-23,-2374802.234728624,-0.9915809709612031
2020-09-24,232177.97355681402,0.46818947091016
2020-09-25,1308005.246012626,1.0116522732753643
2020-09-28,1229920.382740765,0.9297107077180826
2020-09-29,-318387.3955214961,0.10137642022438877
2020-09-30,894583.6968732177,0.7393253987593098
2020-10-01,637355.3637750066,0.624333739430885
2020-10-02,-934893.2600618032,-0.47287734665391745
2020-10-05,954345.0496013891,0.8044143129689919
2020-10-06,-1419063.2467157415,-1.1315743771718538
2020-10-07,1109811.2183032688,1.0850882191075604
2020-10-08,474325.07406436384,0.4460064679995134
2020-10-09,607061.5651367613,0.5404534235733875
2020-10-12,1409206.4025377242,1.2435611440229906
2020-10-13,-522591.9967471379,-0.4838567752785006
2020-10-14,-403796.4765458707,-0.37312433721810717
2020-10-15,-80277.82456612823,-0.1172356132231641
2020-10-16,-61397.1547095248,-0.16585552032157075
2020-10-19,-1157448.012594315,-1.2444259260161135
2020-10-20,272868.48387485754,0.17759196697440408
2020-10-21,-143298.1463449873,-0.41654650578898456
2020-10-22,357555.35789026937,0.17578329692799824
2020-10-23,185370.39245223146,0.03877283991801288
2020-10-26,-1901587.0710134022,-2.1687220238461458
2020-10-27,-259356.95402115895,-0.2975240809956453
2020-10-28,-4932913.387463328,-3.3546088583573153
2020-10-29,1058066.823615724,0.9469490574800777
2020-10-30,-1433257.9771034725,-0.8028516452975838
2020-11-02,1104343.6952427323,0.9756084936063681
2020-11-03,1902656.9594544875,1.3675575691265056
2020-11-04,3189639.514260016,1.960512540549202
2020-11-05,1888263.6980454233,1.0869610121793756
2020-11-06,-19446.380407446333,-0.025007406802086803
2020-11-09,2445789.6395804426,1.3609431659466509
2020-11-10,-146765.50374598542,-0.1381260428382725
2020-11-11,496474.03658260946,0.20637008819107436
2020-11-12,-747556.4096888857,-0.48807561169293
2020-11-13,1001910.2280365019,0.48016989538540533
2020-11-16,1084336.878312848,0.46779249917377413
2020-11-17,-397237.80271042354,-0.36287223894535947
2020-11-18,-954724.2013223208,-0.6518379495835706
2020-11-19,295136.7334079583,0.057884652023041584
2020-11-20,-538507.4748561985,-0.39218873114820296
2020-11-23,444491.638488224,0.09990990936380537
2020-11-24,1192203.942585342,0.4936828566057968
2020-11-25,-80370.71195872333,-0.5631175047093405
2020-11-27,92043.40199971828,-0.3776480939795921
2020-11-30,-437943.8622812136,-0.9179489901769349
2020-12-01,937294.6813145679,0.3176734059443775
2020-12-02,113396.04472049218,-0.3524438275175211
2020-12-03,-9717.428739862391,-0.3922478687251532
2020-12-04,541607.4737518294,0.34677740714567706
2020-12-07,-114795.64757195077,-0.4707723934057088
2020-12-08,154537.14740366008,0.013516471074185136
2020-12-09,-764016.399573107,-1.372924145208675
2020-12-10,-17151.82141319033,-0.16841010215938138
2020-12-11,-82514.51947861124,-0.33951350445281875
2020-12-14,-349285.0651803922,-0.7016834195200995
2020-12-15,1061104.8936663356,1.7521360409047078
2020-12-16,109169.6158419032,0.05236168677044405
2020-12-17,441395.25247281697,0.5678515561569706
2020-12-18,-608692.063959225,-1.3206788389259274
2020-12-21,-388405.10569002194,-0.9411896871428098
2020-12-22,-91195.97522374906,-0.33408365093563225
2020-12-23,53183.85215408253,0.054987896332256904
2020-12-24,119542.84725040941,0.1780874035373698
2020-12-28,403673.6749332521,0.752632798783993
2020-12-29,-137428.45804156663,-0.4546025995541873
2020-12-30,88475.03323361247,0.15402231227802404
2020-12-31,461397.18485568254,1.0045494546033777
2021-01-04,-1797094.1366587316,-2.991199166527502
2021-01-05,539195.646770434,0.9996479273357731
2021-01-06,756596.7844668976,1.240585023181222
2021-01-07,1243138.067333486,1.7725810885885296
2021-01-08,485429.03136304516,0.570794113571923
2021-01-11,-408467.2373657819,-0.7630143560395788
2021-01-12,25546.84031892458,-0.11358304882767234
2021-01-13,142930.98764762506,0.02761822435522959
2021-01-14,-215231.82080783672,-0.44931978762119273
2021-01-15,-910726.7318116331,-1.4121832518805402
2021-01-19,522934.85932879976,0.7764087710692698
2021-01-20,1008575.5783837942,1.355706369939781
2021-01-21,46956.84638532533,-0.10524247745596314
2021-01-22,-211264.0136862255,-0.48307416698279854
2021-01-25,322662.7014205721,0.296739509206027
2021-01-26,-88186.51253074838,-0.301694666312208
2021-01-27,-3434307.2963452656,-3.2471639473602143
2021-01-28,928726.7688452372,0.9014271810239899
2021-01-29,-2899048.0701916683,-2.203607032347331
2021-02-01,1455240.2905283999,1.2315149710315982
2021-02-02,1052987.5365680412,0.8313338074191854
2021-02-03,51512.607982918315,0.04658838001919834
2021-02-04,615066.0147861812,0.5089524198286812
2021-02-05,227522.86976517664,0.24286170522423084
2021-02-08,359881.12341044674,0.3591410362058774
2021-02-09,-27865.85191613559,0.019609351692152936
2021-02-10,-29364.188839566836,0.020654934055091678
2021-02-11,84433.3447430696,0.11836197839464824
2021-02-12,283083.03959656577,0.2634021429132716
2021-02-16,-59001.18084641191,-0.058995865801863494
2021-02-17,3714.5572528488447,0.016333179141710202
2021-02-18,-300086.290418259,-0.19087987091149033
2021-02-19,-146069.26583228968,-0.04838325719123104
2021-02-22,-608200.3810899712,-0.43148859280290724
2021-02-23,140804.50180093848,0.22614133691734697
2021-02-24,913638.5289896156,0.8373925567967392
2021-02-25,-4050390.5696945307,-3.1081839910720857
2021-02-26,-887409.1332410942,-0.5534506064618705
2021-03-01,2859627.18030502,2.1840968140941617
2021-03-02,-743717.494585061,-0.5912691422935985
2021-03-03,-1806837.317454789,-1.2988857641203393
2021-03-04,-2558762.5891096876,-1.6488882607248088
2021-03-05,3196457.5385551383,2.1309203080841495
2021-03-08,-680801.4345980979,-0.30340276859142196
2021-03-09,1821832.1741511323,1.1932043231710627
2021-03-10,779332.4022743577,0.527091752434318
2021-03-11,992275.2302135137,0.6186579421134707
2021-03-12,107276.0188042762,0.08670114376194663
2021-03-15,494229.9735924447,0.3121142924716981
2021-03-16,-120882.59795785336,-0.054638907163349786
2021-03-17,377881.5958381969,0.23267062571945502
2021-03-18,-1889487.9130184748,-1.0442438980402
2021-03-19,-226224.87932249557,-0.07646799488669963
2021-03-22,665614.2416493042,0.4033349471056304
2021-03-23,-849998.0274090754,-0.4434686398547136
2021-03-24,-585825.0589668463,-0.24991340582668187
2021-03-25,752796.7423659556,0.4553125680629856
2021-03-26,2014642.9897502693,1.1829467931665492
2021-03-29,-79832.69712692697,-0.11830352337622672
2021-03-30,-221841.2053535734,-0.2424803578169971
2021-03-31,540520.4257970337,0.24341122402619747
2021-04-01,1265945.3617669842,0.7512755670493253
2021-04-05,1520549.0599847892,1.2337864310042677
2021-04-06,-39327.365234390025,-0.43276452972889806
2021-04-07,69008.61924814394,-0.2397786469614103
2021-04-08,334194.4960585291,0.0902916036116112
2021-04-09,506813.1598017186,0.32349605048705515
2021-04-12,24221.951518133137,-0.2390562412034266
2021-04-13,212463.98251013225,-0.0012934262272121415
2021-04-14,-244115.96193411885,-0.5301694383818119
2021-04-15,791026.294170077,0.6538875502331092
2021-04-16,306057.5143320865,-0.04526275198168975
2021-04-19,-452794.8445046646,-1.0924168115720452
2021-04-20,-721888.3787526417,-1.3134021409848966
2021-04-21,740226.995631196,0.5726205228212046
2021-04-22,-1017897.0554146173,-1.8005457812234218
2021-04-23,934918.2707493622,0.817577843381503
2021-04-26,137664.43766168584,-0.14641944145651567
2021-04-27,-14351.611959226693,-0.39282690401747317
2021-04-28,-19044.36166978683,-0.4203936631716555
2021-04-29,570431.2562343288,0.5196953186815227
2021-04-30,-652104.6224460182,-1.3184214692707126
2021-05-03,173191.7669156149,0.17701480009029685
2021-05-04,-739074.492634303,-1.4370170576940986
2021-05-05,19857.299448957117,-0.04503301818637813
2021-05-06,696794.501816496,1.1266727991864474
2021-05-07,584812.6518775164,0.9151089075019635
2021-05-10,-966120.9534445545,-1.607092175990734
2021-05-11,-1245355.5671217332,-1.7721805129959953
2021-05-12,-3321226.6719522537,-3.1352555747742903
2021-05-13,1500740.2046984108,1.6081672765294848
2021-05-14,1470292.5602876712,1.4412469893511728
2021-05-17,-190611.54773964008,-0.07984853176959604
2021-05-18,-595934.0020494562,-0.4561322347013793
2021-05-19,-325399.610345569,-0.16284980995509726
2021-05-20,967949.9706084275,0.9389301305902098
2021-05-21,-69813.3493784933,0.02930069258733435
2021-05-24,610119.8619946173,0.6420529819836938
2021-05-25,-155330.42684233893,-0.06635467501952902
2021-05-26,107563.37981859437,0.1731642144266214
2021-05-27,37871.40367892307,0.13427209862800676
2021-05-28,121945.33461238277,0.17819935397298145
2021-06-01,-52521.13795285043,0.023419791504384252
2021-06-02,91831.94380229755,0.12239105380535123
2021-06-03,-253825.88221580064,-0.19618968020249605
2021-06-04,578864.7420141837,0.6106722935835941
2021-06-07,-53485.73291320005,0.032740681892254056
2021-06-08,16394.670099649746,0.05404552140360618
2021-06-09,-90363.12544299246,-0.11401718240085337
2021-06-10,277114.3996609384,0.13805695702849194
2021-06-11,91161.99831607366,-0.08090025677754706
2021-06-14,110585.40218176485,0.14168477099790186
2021-06-15,-116459.25282203378,-0.5240737130835158
2021-06-16,-515426.04048617504,-1.7269802960462766
2021-06-17,-35859.18249173006,-0.3651984481423931
2021-06-18,-1824402.1052717206,-3.635635617777214
2021-06-21,1215353.4729083583,2.1433479068555528
2021-06-22,359256.33517753286,0.6591446033323102
2021-06-23,-64880.80160763364,-0.11783572119019493
2021-06-24,331771.21715437935,0.5770285996747071
2021-06-25,242907.65295956703,0.3968772759475114
2021-06-28,124212.3862322531,0.18390522623971411
2021-06-29,22289.67713973928,-0.005491852639844541
2021-06-30,64279.168337629715,0.07229684993233554
2021-07-01,356629.779418831,0.5412718806602165
2021-07-02,520788.68213900545,0.8446922292684246
2021-07-06,-154981.41553524422,-0.36180162699461577
2021-07-07,264478.54265071766,0.36772837973669936
2021-07-08,-931197.8107791783,-1.5778743176635766
2021-07-09,941837.1443619785,1.4075907864787747
2021-07-12,227314.04670061942,0.2684551817466991
2021-07-13,-236809.07452783457,-0.4332390956142395
2021-07-14,101666.3838961878,0.08038983156712345
2021-07-15,-227829.53718882852,-0.4670223289281689
2021-07-16,-685743.6499175814,-1.1070806785587923
2021-07-19,-2622515.8588362313,-3.3520544900312954
2021-07-20,1699578.4571762255,2.0369243001402855
2021-07-21,609158.1456863767,0.6958561218693844
2021-07-22,116160.16948277336,0.09354183367764549
2021-07-23,757651.9007574082,0.8246027977673428
2021-07-26,127447.49948902953,0.0871746171821061
2021-07-27,-365129.98982783995,-0.4636239833080929
2021-07-28,-20881.374513439205,-0.05639460502592784
2021-07-29,235721.36441284578,0.23480963738096353
2021-07-30,-390980.5039856015,-0.4560510891077772
2021-08-02,-147214.97615803414,-0.1326540805372809
2021-08-03,554355.3103639637,0.6482574661378688
2021-08-04,-278414.9307191103,-0.29450572486160986
2021-08-05,300458.21554521867,0.32015450338278656
2021-08-06,89322.95132612203,0.12111358258956907
2021-08-09,-37912.89549821939,-0.02101378391230885
2021-08-10,61955.57620196424,0.08526419776695367
2021-08-11,131754.0477378987,0.17070340922455218
2021-08-12,142035.80857422148,0.16066008355051256
2021-08-13,85164.75848287542,0.041981773394222696
2021-08-16,191510.37788119013,-0.0034142764602833825
2021-08-17,-717813.1029827412,-2.2611339440843152
2021-08-18,-1117779.515128851,-2.648948616838849
2021-08-19,155592.59256411323,0.40191425493868044
2021-08-20,659768.7119374048,1.6574397602980455
2021-08-23,578929.3299669087,1.3374484187163338
2021-08-24,81161.02834816754,0.12697808870322097
2021-08-25,106137.02254675403,0.17125344333972475
2021-08-26,-412657.649029626,-0.9667197626801002
2021-08-27,800853.1618929813,1.631165293001191
2021-08-30,248450.02094133815,0.36981679447110105
2021-08-31,-107584.60167212361,-0.35370265877571994
2021-09-01,37230.96693638881,-0.06138595418526825
2021-09-02,158380.03424745958,0.236209324328751
2021-09-03,-14890.52815009271,-0.15422328056945225
2021-09-07,-219754.5052881684,-0.6034462338653631
2021-09-08,-84831.83259493868,-0.2754396221127307
2021-09-09,-294114.68549351196,-0.6985732131604012
2021-09-10,-790332.9093730783,-1.5964280789656613
2021-09-13,239893.7481538836,0.5546265926171781
2021-09-14,-479518.7102957972,-0.8673078667751892
2021-09-15,757553.571854702,1.5093646722011347
2021-09-16,-135633.80033229588,-0.48044755192862415
2021-09-17,-1276662.4439253202,-2.4804640503551343
2021-09-20,-3257180.1899337275,-3.5172666089008597
2021-09-21,-97679.65015122603,0.16413684841381726
2021-09-22,1147197.1776420814,1.4755505920610166
2021-09-23,1074629.2308516642,1.2825093920308055
2021-09-24,118300.92697605645,0.24089145090031133
2021-09-27,-201829.6327109564,-0.046738220490201814
2021-09-28,-3050966.850172624,-2.443330977751745
2021-09-29,156255.0780332477,0.4167833026431304
2021-09-30,-1988031.224839975,-1.3386620598289938
2021-10-01,1789141.1911808767,1.6668203582074703
2021-10-04,-1944302.1566566194,-1.1506526819925045
2021-10-05,1080175.4115475665,1.059687723029057
2021-10-06,533648.7245065143,0.6290749746531211
2021-10-07,727909.616851806,0.7225661041611784
2021-10-08,-152172.2475207543,0.06892836684354148
2021-10-11,-537233.1645390406,-0.18064400523166083
2021-10-12,-202273.35792661677,0.05101416264443448
2021-10-13,316845.86344600964,0.44602253610547
2021-10-14,1351226.245837252,1.1067291662310008
2021-10-15,576567.2109176373,0.5003342977453596
2021-10-18,213583.747916688,0.1399301879898074
2021-10-19,425696.36427848076,0.2941830645198077
2021-10-20,228755.49434034227,0.1723940882643553
2021-10-21,134499.88780667345,0.13519936576261768
2021-10-22,-73293.75017588038,-0.03691873110107791
2021-10-25,279641.46894159657,0.24845574783946545
2021-10-26,55261.49758844221,-0.10335861243747899
2021-10-27,-367856.84610894124,-0.5385259648183167
2021-10-28,578102.6470573791,0.4269998059970053
2021-10-29,163196.08767933008,-0.009177601087496476
2021-11-01,117371.78218695591,-0.3379882233570772
2021-11-02,234726.39818840552,0.010812204058423836
2021-11-03,386182.4721342372,0.39518792596428115
2021-11-04,296519.0451068835,0.24022776590808306
2021-11-05,277613.127027113,0.1414209099740668
2021-11-08,55970.67931164107,-0.5656747215814264
2021-11-09,-205734.01601704324,-1.3178580048493462
2021-11-10,-676136.9120154383,-2.174411008166433
2021-11-11,16638.209072406007,-0.39521361490303786
2021-11-12,468583.2847323237,1.1490823304415088
2021-11-15,18295.285920264025,-0.3476273574050972
2021-11-16,234294.96791486075,0.42888309443492606
2021-11-17,-148319.86635532673,-0.8256872125567076
2021-11-18,203434.28764140073,0.36846196873069464
2021-11-19,-126687.45000273183,-0.7469516065853236
2021-11-22,-249277.06222194163,-1.0521091085384267
2021-11-23,118933.03534025323,0.1635557683167577
2021-11-24,195904.63674304637,0.34580165365355203
2021-11-26,-2968780.424822347,-3.969093897849008
2021-11-29,1249377.034284452,1.6228862172057361
2021-11-30,-3386773.429778659,-2.9357955526222725
2021-12-01,-1728336.5972291827,-1.2634458438467695
2021-12-02,2337811.3712763875,1.999508979616966
2021-12-03,-1441939.6248618967,-0.8925808618706749
2021-12-06,1392310.5536678408,1.2105256450602033
2021-12-07,2302357.132657836,1.6631057106601626
2021-12-08,231762.2230796328,0.22601395746080397
2021-12-09,-512635.1889790071,-0.2906470984031351
2021-12-10,857598.7211585625,0.6155268429326197
2021-12-13,-961858.3655276559,-0.5698177208815031
2021-12-14,-811585.8448974432,-0.43791405789961535
2021-12-15,2102123.2963706483,1.3826204150471646
2021-12-16,-1208212.2482364336,-0.6844151620248424
2021-12-17,-1638361.0648159022,-0.8786896771346074
2021-12-20,-1407051.3563006115,-0.687585204274292
2021-12-21,1556773.826736407,1.0282879032539
2021-12-22,719656.3861579774,0.5133258235636748
2021-12-23,429178.49579026067,0.33554901838819456
2021-12-27,991927.09137912,0.5900835935939855
2021-12-28,-53729.62512976848,-0.02701786060226509
2021-12-29,80489.70775708676,-0.0603869005991062
2021-12-30,-182154.15377877437,-0.3300479432545842
2021-12-31,-199650.46954666168,-0.26450198863753727
2022-01-03,517547.3069972368,0.27339340082474295
2022-01-04,-36194.8082497046,-0.1607050304176959
2022-01-05,-2398185.394556972,-2.083009577801071
2022-01-06,-97893.97164406454,0.013349076606482404
2022-01-07,-404824.7940127185,-0.2703848287622429
2022-01-10,-189202.46506150995,-0.02752252991684006
2022-01-11,850228.9186348601,0.8493881243918935
2022-01-12,237435.34764630694,0.23740859503907336
2022-01-13,-1492615.7790780372,-1.3038603397449458
2022-01-14,47024.540031275385,0.18681152993547662
2022-01-18,-2427895.2687906935,-2.1599823349703673
2022-01-19,-1337359.8895943826,-1.1232569760842137
2022-01-20,-1611829.8925953095,-1.2792790756661376
2022-01-21,-4731641.781399537,-3.003397066595535
2022-01-24,1370403.6374443322,1.3474942778074324
2022-01-25,-2517206.99356831,-1.2390430414184506
2022-01-26,-561957.2991741635,0.13399386181724385
2022-01-27,-937566.5575542179,-0.09309472864394336
2022-01-28,4822625.098557039,2.8330578848934183
2022-01-31,3177572.763794102,1.7186341152175646
2022-02-01,981836.1955146858,0.6444010093508387
2022-02-02,1314917.4416960317,0.759723456405762
2022-02-03,-3234294.3848930285,-1.3346311896561576
2022-02-04,655010.4427264308,0.4375042569472855
2022-02-07,-319109.75834949466,-0.010968777194898367
2022-02-08,779243.6803309503,0.46749268853401726
2022-02-09,1612867.0903273814,0.8200421255341913
2022-02-10,-2871396.5471952055,-1.0920963305171936
2022-02-11,-3512447.539825631,-1.2747316680056069
2022-02-14,-478329.2623644669,0.005444308041795139
2022-02-15,1722824.0694555743,0.839316214176749
2022-02-16,116030.84740732647,0.1375098969168152
2022-02-17,-2611160.197883881,-0.971011410405137
2022-02-18,-1038174.7650420931,-0.4389118985521273
2022-02-22,-1645740.7321078891,-0.6476630506591932
2022-02-23,-2918712.5826653508,-1.2065927827866008
2022-02-24,4033000.8919892088,1.681124620894856
2022-02-25,3257473.080524828,1.2232733955206117
2022-02-28,-429517.9828876519,-0.1590443779748301
2022-03-01,-2531169.420670352,-0.9953876480794482
2022-03-02,2552970.03486764,1.2507282138935667
2022-03-03,-648456.0211373946,-0.12228172504262208
2022-03-04,-1091320.2636978633,-0.3850293433522796
2022-03-07,-4816887.875235173,-1.817198464590153
2022-03-08,-1464725.5797443679,-0.3666413469846445
2022-03-09,3625345.456926988,1.614768048877233
2022-03-10,-513436.85621054156,0.020056731610742125
2022-03-11,-1506739.465750047,-0.416000606673112
2022-03-14,-876190.5818706531,-0.2202588783761407
2022-03-15,2770697.662016037,1.2218577581651422
2022-03-16,3677884.212193563,1.482855926735078
2022-03-17,1516865.7263787198,0.6018184795145566
2022-03-18,1326178.1044298112,0.4616498013009937
2022-03-21,-29390.994494164588,-0.09743230951658734
2022-03-22,1028104.4726121903,0.27543836476127403
2022-03-23,-1177464.9167079371,-0.6785650639852868
2022-03-24,1104468.5379065364,0.36599568467562
2022-03-25,446246.1001247071,0.1407598480685876
2022-03-28,584683.076608082,0.18239580227395194
2022-03-29,1281488.994012288,0.44023781447379
2022-03-30,-585278.7882079867,-0.4150618828369231
2022-03-31,-2126109.15239713,-1.1244121364858186
2022-04-01,291831.0473548072,0.03180670506763147
2022-04-04,617216.7409882066,0.07248630945351363
2022-04-05,-1093068.0338310127,-1.0063063683634834
2022-04-06,-1231019.3667354458,-1.026266503573098
2022-04-07,461268.9546870209,0.09419597958344222
2022-04-08,-245885.9127836025,-0.45243478950976657
2022-04-11,-1723908.6138808294,-1.425397980947518
2022-04-12,-366694.7216378643,-0.413671376281596
2022-04-13,1014456.4618542161,0.8860008177509444
2022-04-14,-1348535.086875008,-1.1785521248928572
2022-04-18,23243.694280839827,0.17404618697986052
2022-04-19,1447621.1947032702,1.4169038205919833
2022-04-20,-59838.782952228896,0.07114032503630031
2022-04-21,-1474596.1048102214,-1.2460635957059598
2022-04-22,-4202691.244206372,-2.7930840473540197
2022-04-25,837627.5597289136,0.8982935159726063
2022-04-26,-3729822.495279955,-2.026779932451962
2022-04-27,398982.5679707729,0.7053769895485241
2022-04-28,3071344.323261783,2.0710838816291033
2022-04-29,-6276130.650692262,-2.6351807681098225
2022-05-02,1161026.3453128962,0.8344744871856298
2022-05-03,535494.2184104292,0.5465083965850108
2022-05-04,5017938.0684469715,2.149125206463284
2022-05-05,-7111632.3268278,-2.225420805439073
2022-05-06,-1046085.7640772678,-0.11787156363988904
2022-05-09,-5948860.108597018,-1.586079852245139
2022-05-10,362154.74506599,0.39760209931136437
2022-05-11,-2639663.300822224,-0.5198133441062034
2022-05-12,-139100.7100031604,0.29304611519941537
2022-05-13,2869786.6337672346,1.1436713048325013
2022-05-16,-378785.17100264423,0.14996889766964625
2022-05-17,1991060.0716357245,0.8661265186429088
2022-05-18,-5450401.970081684,-1.2706603621013102
2022-05-19,-716016.1186295161,0.10348385109455466
2022-05-20,63388.830684509725,0.27503803593482345
2022-05-23,1707411.767684808,0.7472248451781388
2022-05-24,-825048.5072560523,-0.047658617472191155
2022-05-25,960141.0356507638,0.48266614056795604
2022-05-26,1896391.9477233218,0.7971485832548044
2022-05-27,2392142.3692913367,0.8730424488465349
2022-05-31,-632763.3079078159,-0.09192884786385754
2022-06-01,-810097.7289292698,-0.12855309082780808
2022-06-02,1721637.438917608,0.82787546238529
2022-06-03,-1333370.2787196112,-0.4425635434194822
2022-06-06,199595.5115200887,0.18630217457598236
2022-06-07,673778.6481032644,0.302014086341106
2022-06-08,-798320.8875918519,-0.43459280762401914
2022-06-09,-2290377.704249201,-1.2349071237816776
2022-06-10,-4501890.861932269,-2.0124807571198513
2022-06-13,-7783640.154511228,-2.6940615134664885
2022-06-14,-385763.5701095857,0.11796171055831034
2022-06-15,2106735.707909385,1.060608060374126
2022-06-16,-5374151.389212674,-1.7823566747995763
2022-06-17,302047.0024663838,0.355272008115393
2022-06-21,2388122.077401009,1.068313748783982
2022-06-22,-183536.4874597138,0.16103815404330946
2022-06-23,986300.2615824748,0.5600412503932856
2022-06-24,3561950.553424329,1.3974126440055912
2022-06-27,-316168.3827419026,0.06755073192794123
2022-06-28,-2197365.3024590183,-0.5390284184785172
2022-06-29,-61344.90306410825,0.23655166091608154
2022-06-30,-1068298.57846622,-0.12883595212047774
2022-07-01,957067.8322935526,0.6367130867098975
2022-07-05,189862.2147571636,0.3227160164755209
2022-07-06,281264.6361467591,0.3549267888758206
2022-07-07,1140346.1111933226,0.661401180430919
2022-07-08,-68239.84982560652,0.20182516820890323
2022-07-11,-785608.4607510417,-0.09123994688500357
2022-07-12,-646131.5014021371,-0.1184192243724533
2022-07-13,-506791.6380124707,-0.28790355526217554
2022-07-14,-256718.3131873913,-0.15385214548766082
2022-07-15,1728147.853917471,0.9615351807294626
2022-07-18,-608945.0775131765,-0.6613192386002945
2022-07-19,2437146.834450092,1.5166691602650357
2022-07-20,542275.6662285681,0.22129497415847985
2022-07-21,820783.1391183104,0.3974599549540426
2022-07-22,-795627.751265547,-0.775655990073764
2022-07-25,77188.60304194664,0.03267098541065279
2022-07-26,-747157.4122481988,-0.7291525575869922
2022-07-27,2459048.8622690337,2.0943862971807987
2022-07-28,1084162.3240811029,0.7248921984753447
2022-07-29,1456788.4302028238,0.9769568164378023
2022-08-01,-240881.6800966714,-0.591771486606424
2022-08-02,-486968.81488518516,-0.7818338479719267
2022-08-03,1239611.1308066647,0.7835820994178091
2022-08-04,-39539.87965770504,-0.3480519346655998
2022-08-05,-108089.38025004977,-0.40989774377233534
2022-08-08,-66596.78658229407,-0.41548025547375633
2022-08-09,-209718.81351856943,-0.5834995763665819
2022-08-10,1664723.0780971334,1.1213374866587553
2022-08-11,1878.4252522431846,-0.49245502398497654
2022-08-12,1222081.066406389,0.73175969402012
2022-08-15,265373.2289960236,-0.2700346382295965
2022-08-16,136439.3855216225,-0.31933335429808296
2022-08-17,-539712.7395298099,-1.0066710656426119
2022-08-18,164770.71818179692,-0.18263798963650885
2022-08-19,-1044284.1890297754,-1.500122344806422
2022-08-22,-1882964.3911296017,-2.037732743963278
2022-08-23,-140276.25376822756,-0.3835724172951688
2022-08-24,180083.37140526535,0.054646052557736025
2022-08-25,818257.1806675484,0.8210428671391566
2022-08-26,-3988430.2508382443,-3.196161781816654
2022-08-29,-518441.6403425678,-0.29253263410978214
2022-08-30,-1113733.7148090391,-0.7508996821864994
2022-08-31,-678973.8542259426,-0.32769272809945343
2022-09-01,285608.19127174624,0.47682158835631644
2022-09-02,-1180658.8169554218,-0.7094488045845007
2022-09-06,-349508.04098922916,-0.0034571184912521604
2022-09-07,1524907.6735081621,1.4078718204404863
2022-09-08,601273.9134747081,0.7592938107836039
2022-09-09,1322456.2057359947,1.2488405065893318
2022-09-12,836536.9215567434,0.8921111250290378
2022-09-13,-6033420.804320056,-3.069323900708118
2022-09-14,364925.80243607936,0.5237573119101756
2022-09-15,-1112293.8859167937,-0.28833245701490967
2022-09-16,-905377.098823044,-0.14319580214640704
2022-09-19,640775.9044235576,0.6712146626149539
2022-09-20,-1013786.8053066203,-0.2764265362620255
2022-09-21,-2129800.7183028283,-0.8335502099642026
2022-09-22,-920880.1304819642,-0.13524569017163687
2022-09-23,-2470532.613798857,-0.9018984748977277
2022-09-26,-1112539.2081022023,-0.25117231872164564
2022-09-27,-329255.80314153084,0.2176746497053154
2022-09-28,2632855.3287115577,1.7355753785874828
2022-09-29,-2798775.5351986443,-1.1671084240022507
2022-09-30,-2724468.5221414557,-1.022991215731064
2022-10-03,2856003.4230403416,1.639597379383105
2022-10-04,3702390.9067626894,1.7718591495077438
2022-10-05,-234529.32273690615,0.09209739423310558
2022-10-06,-970402.946572855,-0.20147259768845904
2022-10-07,-3407084.6353876926,-1.1625070039327308
2022-10-10,-674801.8345324801,0.06990867050381105
2022-10-11,-686189.1131553364,-0.06438190424773786
2022-10-12,-291001.63627940335,0.16338373402729506
2022-10-13,4388806.973931457,2.1653581957929267
2022-10-14,-3141375.876470646,-1.196284502129272
2022-10-17,2700969.5335473255,1.2852016606344723
2022-10-18,1325263.9504228064,0.6464372808703337
2022-10-19,-649607.9258124824,-0.2175253929766508
2022-10-20,-833994.0886780806,-0.29830948746971997
2022-10-21,3468147.2097664177,1.375566606451576
2022-10-24,1214365.4821445527,0.3911328284389707
2022-10-25,1482971.812661063,0.4634795801771163
2022-10-26,-879827.7525602427,-0.4544195558215651
2022-10-27,-499949.47595968,-0.35719217568501044
2022-10-28,2658545.5851357756,0.946581046834984
2022-10-31,-818924.2114922401,-0.5629790841224727
2022-11-01,-465509.91672704805,-0.32295990541442526
2022-11-02,-3612797.3140876857,-1.6616086150774554
2022-11-03,-1017899.1600783514,-0.47187740122572214
2022-11-04,1654116.6065273976,0.6747686893982827
2022-11-07,753065.9897030761,0.20298671276933242
2022-11-08,520236.5553175372,0.060221379108076394
2022-11-09,-2163570.65086934,-1.1703435275089835
2022-11-10,8498731.593223417,3.0072306423552746
2022-11-11,1037377.4709505487,0.12676065123447264
2022-11-14,-743590.1654703134,-0.518086829598643
2022-11-15,931830.2584625209,0.16304247557910387
2022-11-16,-603165.8060522071,-0.4558296687711545
2022-11-17,-264188.4029274501,-0.33259388931521233
2022-11-18,459481.9969912895,0.022082557808757265
2022-11-21,-216100.00780887244,-0.2327971504983518
2022-11-22,934141.1873459251,0.2654076661862159
2022-11-23,476292.4303712649,0.042858358307501156
2022-11-25,-6116.49397105786,-0.17417045071682222
2022-11-28,-1233722.6383845275,-0.6262372547923797
2022-11-29,-105976.66975277482,-0.15194327527776746
2022-11-30,5016029.574159903,1.78897854499104
2022-12-01,-55488.14663947463,-0.3219002410619603
2022-12-02,-110266.30314501899,-0.36913592106054843
2022-12-05,-1606465.5969316782,-0.9297235537327873
2022-12-06,-1299535.4101046482,-0.7437023715406134
2022-12-07,-132030.2924132509,-0.23987249924525159
2022-12-08,558179.2631207237,-0.008056864183467068
2022-12-09,-697460.6608059619,-0.5932413830696424
2022-12-12,1255854.8725114735,0.8165492845717195
2022-12-13,1060948.822307097,0.6105737808345205
2022-12-14,-794511.7682521809,-0.667666262487403
2022-12-15,-3288450.190583781,-2.0811083438400835
2022-12-16,-1604953.1050012207,-0.9486149705853828
2022-12-19,-825517.9456295063,-0.42648207092051105
2022-12-20,126539.52873252741,0.14983278709903705
2022-12-21,1359115.523581713,0.8868411065732528
2022-12-22,-1680241.1488852343,-0.8838627869789564
2022-12-23,410242.9529733432,0.353536502345472
2022-12-27,-262692.60366609803,-0.07771005320799325
2022-12-28,-1064824.7988269741,-0.5284042910156137
2022-12-29,1469915.0868280418,1.5027604740900888
2022-12-30,-262285.27890623064,0.08815992260645047
2023-01-03,-379067.5438171191,0.003126309244168955
2023-01-04,749745.99985598,0.8435503231976784
2023-01-05,-1011437.1384247597,-0.6384400954362027
2023-01-06,2648822.449871268,2.034248396352455
2023-01-09,-45489.36499454849,0.07143882783765824
2023-01-10,532847.77617766,0.45437919581191755
2023-01-11,1067581.6108133954,0.8635224516548916
2023-01-12,378747.6998467994,0.38133903856075285
2023-01-13,284157.3092913802,0.27003788182603244
2023-01-17,-136183.2202758582,-0.20904048761349536
2023-01-18,-1766756.0770137412,-1.701414065489713
2023-01-19,-698676.1346849775,-0.7265448939033687
2023-01-20,1865491.193187463,1.4703575850651613
2023-01-23,1154263.3838007897,0.869126753434245
2023-01-24,-74042.8453118859,-0.299732210136265
2023-01-25,35061.378102487404,-0.17882248843418458
2023-01-26,894029.4276940532,0.5764218230379029
2023-01-27,201092.55320832616,-0.14234337927348842
2023-01-30,-1055982.969862466,-1.2457312967960974
2023-01-31,1501892.25039498,1.1318683128860672
2023-02-01,1241294.1201426012,0.8030823755144901
2023-02-02,1681008.719687825,1.1342953739630455
2023-02-03,-1150747.8414334382,-1.4239735108274907
2023-02-06,-422334.6085357979,-0.7028024623367384
2023-02-07,1358487.947986921,0.9971221799670414
2023-02-08,-928323.2205453713,-1.1379123658761716
2023-02-09,-765680.815077152,-0.8909704772742529
2023-02-10,182747.7152149444,0.01198626885097487
2023-02-13,881877.8684069765,0.6361833895655956
2023-02-14,-43599.4232150066,-0.23178723060670467
2023-02-15,227762.91974377295,-0.07929265754671727
2023-02-16,-1173026.3396155194,-1.4590181897436114
2023-02-17,-243921.70993090814,-0.4510148012695224
2023-02-21,-1908845.7416178437,-1.9150047862822657
2023-02-22,-129848.39649691616,-0.14772571930319559
2023-02-23,568779.9816863928,0.5146748318704639
2023-02-24,-1280965.532819874,-1.1749320740263678
2023-02-27,311430.527705308,0.35516757227316476
2023-02-28,-395422.83644906513,-0.36546576859999935
2023-03-01,-408747.169853241,-0.3033969327463728
2023-03-02,711264.9298186523,0.9333169495445349
2023-03-03,1614396.2941898028,1.9342036887163443
2023-03-06,55107.51425104955,0.1639322424370788
2023-03-07,-1820762.9618681388,-1.7280930930180398
2023-03-08,135081.95843457663,0.3966830234852066
2023-03-09,-2271070.601437767,-1.9895184510541426
2023-03-10,-3051863.440251571,-2.2637637477108203
2023-03-13,-273366.40508629545,0.1301991285090078
2023-03-14,2735817.264900727,2.299879924866472
2023-03-15,-1200661.7465533167,-0.60240197958942
2023-03-16,2767420.943353106,1.9986822016159276
2023-03-17,-1814576.2878215713,-0.9847909556005467
2023-03-20,993654.3795949832,0.7815354362869252
2023-03-21,1402700.3390150196,0.9435150945860988
2023-03-22,-2089992.3567136487,-1.1859027955653303
2023-03-23,350858.3279541062,0.3258688879591976
2023-03-24,778327.7532302302,0.5291685518755872
2023-03-27,159215.50991048847,0.14944790089167667
2023-03-28,-155082.90606847196,-0.05350807969310996
2023-03-29,1291572.7942620136,0.7814146196094556
2023-03-30,463525.6341644057,0.28258014968809025
2023-03-31,1741856.409337982,1.0594586066187344
2023-04-03,294709.2092788402,0.1667738892578038
2023-04-04,-421996.67079551186,-0.3247631135036784
2023-04-05,-198637.07757136654,-0.17289611159081958
2023-04-06,278231.80387384235,0.05097285319895365
2023-04-10,77230.51253527885,-0.22140983624286756
2023-04-11,19745.57353495306,-0.2794038552583499
2023-04-12,-391769.9505344676,-0.5309005085878785
2023-04-13,1249687.3224614987,0.8135699985744391
2023-04-14,-217243.91584712543,-0.42213920595133003
2023-04-17,267934.0227398488,-0.03178080573373684
2023-04-18,46401.99219266993,-0.2426548914712346
2023-04-19,-8459.60126354325,-0.23646636259517856
2023-04-20,-464835.38325484254,-1.208007578397988
2023-04-21,62625.10036033906,-0.30194291397561784
2023-04-24,75871.32431456461,-0.22598758017112489
2023-04-25,-1713910.2618459398,-2.512647676720466
2023-04-26,-392912.5856209236,-0.6752486072757855
2023-04-27,2061006.8057146058,2.3535653718711127
2023-04-28,844444.3467457142,0.8261544353851272
2023-05-01,-68220.94230500466,-0.18673093396046472
2023-05-02,-1301703.9690521017,-1.6179560669702269
2023-05-03,-706237.1988248917,-0.8436274536073202
2023-05-04,-752939.2134244828,-0.8506480337815626
2023-05-05,1775296.5402005129,1.9078023106713915
2023-05-08,19372.48401597514,-0.0009093938431922958
2023-05-09,-243534.6182505226,-0.27229645110223916
2023-05-10,489802.47903191193,0.47618193622370314
2023-05-11,-132625.92994806703,-0.13065005589264553
2023-05-12,-104012.71102040789,-0.10460923825416017
2023-05-15,220965.72845326609,0.2690991768953564
2023-05-16,-438210.9196759474,-0.4534426565157208
2023-05-17,1170432.1058242116,1.248724192822211
2023-05-18,1022256.2064954475,0.987210431305981
2023-05-19,-168843.52022645206,-0.26723157922104196
2023-05-22,30932.33084828619,-0.05270312229623562
2023-05-23,-1062210.3290563126,-1.3264970802736076
2023-05-24,-716736.6860172217,-0.9054487831890413
2023-05-25,862545.8953431853,1.0386830831778655
2023-05-26,1358277.035452385,1.5613296021278094
2023-05-30,30287.69566732284,-0.04506262119764797
2023-05-31,-678905.4453646532,-0.989863144927044
2023-06-01,944414.4091800164,0.974141083982222
2023-06-02,1544745.9365067603,1.546676995690411
2023-06-05,-145532.74201534587,-0.47173364641406396
2023-06-06,163067.17553973402,-0.060530388563501174
2023-06-07,-325920.6090916819,-0.7203604331265469
2023-06-08,424647.58575185714,0.3063479315147572
2023-06-09,169495.23444807046,-0.06251413915217185
2023-06-12,786463.826894653,0.7159211974231182
2023-06-13,725313.960712083,0.592751359375982
2023-06-14,130734.8372548839,-0.2518988999337076
2023-06-15,1543816.2979075627,1.6111453883965907
2023-06-16,-448867.10672331665,-0.9391815446935623
2023-06-20,-451584.207799315,-0.9106948049061581
2023-06-21,-449598.96113548474,-0.8603475130374855
2023-06-22,282632.70308510785,-0.006733274251161682
2023-06-23,-775504.3852824097,-1.468013278857966
2023-06-26,-341754.2629578702,-0.7845020930680993
2023-06-27,936445.8240545901,1.0592092448399302
2023-06-28,44798.22110240007,-0.22996295667262862
2023-06-29,309773.29355918046,0.08541243941549048
2023-06-30,1398673.6884935189,1.6214952366090591
2023-07-03,52301.65914748628,-0.23844487800280129
2023-07-05,-117166.94165635791,-0.5122587414391239
2023-07-06,-737769.5688389043,-1.35837184004483
2023-07-07,-238230.71185455634,-0.6102473999292267
2023-07-10,182825.64563478314,0.05002703927167108
2023-07-11,479942.432799526,0.47797869135090304
2023-07-12,831629.7273227916,1.0058683179686065
2023-07-13,671882.6709289432,0.7704684794319839
2023-07-14,-54119.07654860814,-0.3186745931965725
2023-07-17,220188.65977698844,0.22727530913661842
2023-07-18,696717.0554853092,0.9572345173246571
2023-07-19,168012.78664608276,-0.01809383446699194
2023-07-20,-580479.7632869767,-1.3308095734390057
2023-07-21,101.4228838993426,-0.2780876120064069
2023-07-24,275802.4288492702,0.12620423937559688
2023-07-25,178310.69961660446,-0.11412809935014184
2023-07-26,14355.913896388856,-0.3660887873644388
2023-07-27,-697909.5769755446,-1.6407417631292203
2023-07-28,873455.8599734253,1.277215841072558
2023-07-31,141091.6999984176,0.05006440273919286
2023-08-01,-185928.89778408722,-0.627898727303599
2023-08-02,-1481185.9952571294,-2.59973239499419
2023-08-03,-210639.16063964664,-0.4919665518737541
2023-08-04,-513996.59669099125,-0.9903720086938096
2023-08-07,570688.6963138075,0.86163191148775
2023-08-08,-354523.32466296334,-0.6596162915269115
2023-08-09,-582580.1492515659,-0.9591725798833078
2023-08-10,38618.99875692838,0.20970732508166912
2023-08-11,-47117.44632420958,0.04968998826605782
2023-08-14,304736.9939186118,0.6922848408314892
2023-08-15,-1026478.5430855309,-1.584690186159528
2023-08-16,-658528.6743943138,-0.8315891945666591
2023-08-17,-843170.1929236818,-1.11551526478919
2023-08-18,55375.091798782865,0.46229014348670006
2023-08-21,506661.36639042955,1.209026456234197
2023-08-22,-205162.55762888058,0.017320607180638777
2023-08-23,856832.8194454797,1.6579978789951118
2023-08-24,-1362449.2343090053,-1.734060376777632
2023-08-25,804821.560518384,1.534558211160855
2023-08-28,442644.1618486744,0.9470551492707417
2023-08-29,1353932.0265024682,1.9445145604237324
2023-08-30,320004.22463397187,0.503524627133029
2023-08-31,-112890.45195638617,-0.13097371209023184
2023-09-01,133698.94736922666,0.18226718733834923
2023-09-05,-282694.24510002806,-0.3729999424458271
2023-09-06,-560924.5353456596,-0.7653315728248744
2023-09-07,-239220.6487551147,-0.31990897041759314
2023-09-08,104378.5780630671,0.19069678112091534
2023-09-11,455711.0706841527,0.6713696356411708
2023-09-12,-437569.0947274261,-0.593989069923109
2023-09-13,76258.20764983719,0.08773274052058468
2023-09-14,799880.1573584874,1.1065866591831113
2023-09-15,-1496111.1448531777,-2.216314871568732
2023-09-18,43370.34857692124,-0.023758070405572415
2023-09-19,-160728.9564690609,-0.2693124451757381
2023-09-20,-869941.4576839106,-1.1943087700177306
2023-09-21,-1949898.0813093467,-2.2169701071609906
2023-09-22,-273296.5357345632,-0.23721071321637544
2023-09-25,343599.50651729497,0.6199121697529972
2023-09-26,-1631506.3959973636,-1.7630556588181727
2023-09-27,49207.83376548962,0.4668457274033135
2023-09-28,606571.2384873615,1.2007075022565332
2023-09-29,-319702.15259104787,-0.05383077988062091
2023-10-02,-41140.336194312,0.3421044978058702
2023-10-03,-1618117.4155116945,-1.6107923659301642
2023-10-04,715917.2741487536,1.233407297274616
2023-10-05,-32527.629835097294,0.3042345270969915
2023-10-06,1495802.117541136,1.8809288863779987
2023-10-09,569968.1586373581,0.8506059884434095
2023-10-10,470962.29577056627,0.6845519420037993
2023-10-11,301909.54427044315,0.4869004616926203
2023-10-12,-569502.5797975477,-0.3884768624466174
2023-10-13,-533410.7431634204,-0.4239355056583128
2023-10-16,935086.586748673,1.1901772373904023
2023-10-17,2797.0382818975704,0.13477318092564808
2023-10-18,-1496319.7722207415,-1.4497335421363229
2023-10-19,-1254475.4434905925,-1.3113932136908106
2023-10-20,-1758412.388610457,-1.662930789819222
2023-10-23,-196237.33815946654,0.020214002012728348
2023-10-24,710104.0479059229,0.9029870723646649
2023-10-25,-1548050.9993316215,-1.4411563951274116
2023-10-26,-1568544.2512419769,-1.3077565178173542
2023-10-27,-560472.7136720461,-0.26651186198385085
2023-10-30,1198684.6206829571,1.3844591377329347
2023-10-31,597814.5488279352,0.7243806765834967
2023-11-01,1226641.3545281095,1.2910250862113788
2023-11-02,2073631.4259309676,1.8189991560786276
2023-11-03,1072489.4619477561,0.9793292517378925
2023-11-06,172913.80099680828,0.18930118438036753
2023-11-07,209941.215847098,0.23567180141279362
2023-11-08,50869.40204789288,0.10266711273487793
2023-11-09,-734037.0845164639,-0.6030100637099615
2023-11-10,1565010.784400147,1.3263972911913695
2023-11-13,-58628.047594388234,-0.03872646833346082
2023-11-14,2188873.122002147,1.6937768763324514
2023-11-15,191349.69613082282,0.010502790382838478
2023-11-16,89453.5824277171,-0.13872827186249526
2023-11-17,121594.32831710922,-0.21268499462545512
2023-11-20,622823.1951288361,0.23661357829483298
2023-11-21,-135053.15981550064,-0.462518177114063
2023-11-22,270497.77944063983,-0.17236893376707196
2023-11-24,21313.74029866692,-0.6071215809737617
2023-11-27,-106148.05379202153,-0.8203218399182953
2023-11-28,68637.06559921811,-0.5298171755995357
2023-11-29,-47711.42188879914,-0.632614038366996
2023-11-30,358811.4458745888,-0.0544122762262697
2023-12-01,623097.9111137561,0.4575285998201633
2023-12-04,-443574.97847976204,-1.080314864081757
2023-12-05,-21647.148327391278,-0.40769779346028995
2023-12-06,-326252.85310808057,-0.8218764719299643
2023-12-07,607920.6407241244,0.5507072185460934
2023-12-08,414277.3239658866,0.18323305415141747
2023-12-11,313461.02051803167,0.13861499095918167
2023-12-12,387688.02266848256,0.2350983007851093
2023-12-13,1575848.447194529,3.0936961563144956
2023-12-14,458825.1561630242,0.49331581876273634
2023-12-15,-258523.45791965738,-1.0721960461219016
2023-12-18,483406.02430656273,0.5285561187377499
2023-12-19,420602.79330804024,0.4186906755211521
2023-12-20,-1677360.9963412748,-2.9786201202546376
2023-12-21,1005691.3851570158,1.2619909140040102
2023-12-22,160911.43923904328,-0.06064753198719204
2023-12-26,278393.1423433753,0.09275979700251481
2023-12-27,147582.0077102684,-0.11828506294116813
2023-12-28,29412.818228986765,-0.310210307444069
2023-12-29,-393118.89939308644,-0.8952968200308424
2024-01-02,-812053.7239098755,-1.3696313538758886
2024-01-03,-968240.0955030395,-1.4903776668350992
2024-01-04,-312328.6147902571,-0.5432349075783504
2024-01-05,142710.1839391194,0.05978807484480079
2024-01-08,1348075.868159056,1.602113216280755
2024-01-09,-132805.75414853307,-0.32143107210492733
2024-01-10,457021.83484730794,0.4485692475559232
2024-01-11,-42305.33249386495,-0.1824370508235577
2024-01-12,46335.69728571043,0.04058626229565268
2024-01-16,-376332.65713873785,-0.5295123825887283
2024-01-17,-483084.9207207424,-0.6665031018915993
2024-01-18,928128.0932530896,1.3447828121955057
2024-01-19,1556254.0038919891,1.9435416931808556
2024-01-22,206101.82619083306,0.10063782656070025
2024-01-23,169671.33909631337,0.11421783064773726
2024-01-24,96890.47994137967,0.004077420945173003
2024-01-25,471588.3551897267,0.5780259028353104
2024-01-26,-107851.36441767518,-0.3121833971756981
2024-01-29,597894.5634552956,0.7388426804378626
2024-01-30,-55442.17865730508,-0.30106969967575453
2024-01-31,-2412276.870810601,-2.962810458962715
2024-02-01,1422331.746393879,1.466552314927243
2024-02-02,1190586.1400783109,1.0790923435673936
2024-02-05,-340417.40858019155,-0.6445400422990164
2024-02-06,196841.55342421922,0.03260428979148863
2024-02-07,707883.3460866677,0.5874320840009318
2024-02-08,35224.605812720314,-0.18389467404079485
2024-02-09,422148.9783565064,0.24721923753612204
2024-02-12,-25617.498794284234,-0.2790706243112833
2024-02-13,-1839428.6972640243,-2.071353114328373
2024-02-14,745510.156629926,0.5750155373439153
2024-02-15,514750.7945807562,0.35887859049899157
2024-02-16,-440552.0212017762,-0.5824460759944058
2024-02-20,-478652.2411674381,-0.5815970920896881
2024-02-21,62200.80011963452,0.02676605531771815
2024-02-22,1833918.6664248228,1.7378514522948898
2024-02-23,48512.86147551244,-0.05649358595804686
2024-02-26,-218986.15783030292,-0.32325300289519276
2024-02-27,109639.77657156938,0.03666308631860058
2024-02-28,-88138.05389980879,-0.16455362071398597
2024-02-29,360677.9718137986,0.19181469977820162
2024-03-01,846360.6588411434,0.8934783119587759
2024-03-04,-68146.14581226176,-0.2653834531227934
2024-03-05,-858836.3008436072,-1.2994956629386951
2024-03-06,412448.42325737636,0.41910826644121896
2024-03-07,727828.1016066775,0.8453386750474855
2024-03-08,-608027.2595365723,-0.9033241926074453
2024-03-11,-66620.07182417865,-0.15346277062963176
2024-03-12,958843.2315052722,1.1090591476983769
2024-03-13,-101232.33569934769,-0.4521367044676578
2024-03-14,-287563.1666198893,-0.6716399680124184
2024-03-15,-870820.1785391357,-1.4213332863307235
2024-03-18,664914.1329631367,0.8281450770834948
2024-03-19,406273.6323378542,0.3759483262272523
2024-03-20,773415.3314342971,0.870442460162644
2024-03-21,245284.75375240282,0.23451156916423405
2024-03-22,-173781.99023683197,-0.5210983195380039
2024-03-25,-175566.7292161235,-0.5296778821550797
2024-03-26,-160662.7202866376,-0.47405050374417135
2024-03-27,817891.6435844948,1.1974869633789214
2024-03-28,-17093.299593333944,-0.24929895532844104
2024-04-01,-128721.7307897922,-0.3772187952702464
2024-04-02,-583172.7970101127,-1.1327433487655554
2024-04-03,82099.87298882542,-0.026558635168326922
2024-04-04,-1393148.084934631,-2.30433739601937
2024-04-05,935395.5472153478,1.4793441163599799
2024-04-08,35622.562399377704,-0.020605650787596998
2024-04-09,95633.75653578628,0.06538004287328306
2024-04-10,-976898.1634261088,-1.5443322746497308
2024-04-11,621651.2128231401,1.0037616135208356
2024-04-12,-1515119.309254344,-2.0475203361703467
2024-04-15,-1413162.123274357,-1.7615679894607759
2024-04-16,-172389.08596485123,-0.051605210011263135
2024-04-17,-553526.9345590584,-0.5134354969304474
2024-04-18,-183512.0286813798,0.06871295172666672
2024-04-19,-1056368.8788607675,-1.086286721109614
2024-04-22,745794.3987597859,1.34932203412993
2024-04-23,900124.2081002323,1.4026847957522641
2024-04-24,-33374.86994497644,0.199729456586381
2024-04-25,-310204.1474331937,-0.08608658813804901
2024-04-26,727864.8909181951,1.2075718725179778
2024-04-29,194987.73139981995,0.4964082063431469
2024-04-30,-1416017.1960938142,-1.434713204812992
2024-05-01,-305046.0390986993,-0.06272499959145339
2024-05-02,682423.9325897198,1.0406692253257475
2024-05-03,1024385.4644559693,1.4507837748574826
2024-05-06,619590.2914048245,0.8933646853227051
2024-05-07,73100.61694314663,0.23125219822660176
2024-05-08,2011.7565902359104,0.08813689711452587
2024-05-09,303028.9124040548,0.4922435487530939
2024-05-10,76592.90261302154,0.11426034801981227
2024-05-13,7060.493608828576,-0.09414513025640135
2024-05-14,306472.7844764544,0.3436901497423269
2024-05-15,865541.2601005501,1.1132874454208421
2024-05-16,-129361.9191316619,-0.4646518073311314
2024-05-17,100234.36434781243,-0.2159318094748613
2024-05-20,51145.60434009611,-0.24703804726239104
2024-05-21,99743.0798838788,-0.09021412388446613
2024-05-22,-165437.15238122927,-0.5801869141437267
2024-05-23,-521829.3927356767,-1.2097578817171253
2024-05-24,325938.3565292996,0.4138530866445698
2024-05-28,31210.2094757846,-0.13465064233394478
2024-05-29,-412570.0033844797,-1.3982702732418402
2024-05-30,-362870.3767494437,-1.2566319247546847
2024-05-31,934288.8015663149,1.8060767076835833
2024-06-03,46543.75051777891,-0.17502153567786488
2024-06-04,44756.530699802446,-0.10909684795630986
2024-06-05,669586.6157269344,1.4597507703250825
2024-06-06,-8196.063635757208,-0.3183138632869208
2024-06-07,-63925.47232564276,-0.41728707021310274
2024-06-10,135505.87803577184,0.09942524821828155
2024-06-11,111575.64013779195,0.022800285063082234
2024-06-12,621144.3294336657,1.2726839581526885
2024-06-13,117831.50759245986,0.10339934169589865
2024-06-14,29306.410984095364,-0.1709130780554349
2024-06-17,546687.2551069603,1.1919686724543224
2024-06-18,132062.07168164023,0.04521198005605641
2024-06-20,-230062.1421595095,-0.8825497014472687
2024-06-21,-108487.74923853135,-0.5671066839652884
2024-06-24,-180502.72139543167,-0.8607134911034684
2024-06-25,197467.88210276203,0.2460073336495047
2024-06-26,67326.58135551741,-0.13646304775805346
2024-06-27,76558.70325275375,-0.19338293221657923
2024-06-28,-353579.1485117387,-1.5342198288732225
2024-07-01,107229.92663442288,0.03556885809651232
2024-07-02,340333.838102451,0.8550352017502102
2024-07-03,183957.53894760497,0.24174311009851002
2024-07-05,297263.8247770782,0.8274782819256772
2024-07-08,51529.8649808755,-0.22203477090713875
2024-07-09,31387.213805311825,-0.33118923772569747
2024-07-10,455692.85344475263,1.3448571463635495
2024-07-11,-545321.9905279154,-2.2111828485498255
2024-07-12,403021.88224647526,1.1896856289554403
2024-07-15,159929.94232752884,0.28337927356915277
2024-07-16,280920.5838064362,0.6752389297111245
2024-07-17,-956250.4732712357,-2.85739999027968
2024-07-18,-522847.7909706998,-1.4129063436937392
2024-07-19,-496579.0539135337,-1.257655494256366
2024-07-22,542817.4547381356,1.3574445734666731
2024-07-23,-64755.49564191493,-0.19752585777109616
2024-07-24,-2041070.6530881901,-3.2311009629483967
2024-07-25,-382933.7995029832,-0.43341458735916893
2024-07-26,715273.4306491434,1.277262567998746
2024-07-29,27624.4836939484,0.15657224871751274
2024-07-30,-286157.26985563297,-0.31191756699900647
2024-07-31,1253590.1804603315,1.8790495895224284
2024-08-01,-1294914.270809609,-1.5845596422366415
2024-08-02,-1895565.8366863488,-1.9992182359513966
2024-08-05,-5272930.244568246,-3.4164744482696534
2024-08-06,977917.2320128345,0.9944623969102233
2024-08-07,-588169.2051615843,-0.06268947869877788
2024-08-08,1718223.2881873627,1.401686631277299
2024-08-09,261044.68148908028,0.4368568323579627
2024-08-12,24783.191089706463,0.2840612583633072
2024-08-13,1024656.3976151703,0.9114769592609929
2024-08-14,166147.35136970805,0.3111036299255529
2024-08-15,1236421.0360118137,0.934488673451108
2024-08-16,122496.42655304376,0.1992111413469348
2024-08-19,478911.04471955006,0.4305184303294929
2024-08-20,-69325.42935064492,0.07832642837602301
2024-08-21,181636.73237793564,0.17504165257647772
2024-08-22,-521016.37492086994,-0.28997200516059946
2024-08-23,648621.1797242744,0.49424292699820804
2024-08-26,-115970.01588170193,-0.012369513042342349
2024-08-27,54694.504874230726,0.09042041555506183
2024-08-28,-289144.88267475856,-0.09002725935335261
2024-08-29,7373.7956584556305,0.06947750596348778
2024-08-30,699641.624711082,0.47938876010098824
2024-09-03,-1606439.3816933627,-2.5058567053738474
2024-09-04,-120447.35388668132,-0.4029235915132276
2024-09-05,-147436.1050051195,-0.4842370496897137
2024-09-06,-1394604.9967087302,-2.098749791448865
2024-09-09,574190.4445440129,0.7641781511360084
2024-09-10,200132.71376331136,0.20821704417025041
2024-09-11,909813.9164699878,1.26024007999422
2024-09-12,521273.2026521533,0.6567198117001747
2024-09-13,266283.4854577351,0.38788070394807445
2024-09-16,68739.7776879402,0.08099628646376097
2024-09-17,27471.398214882603,0.05229904570900358
2024-09-18,-221633.40541126052,-0.333034205551327
2024-09-19,1489401.7393720502,2.021258744690208
2024-09-20,-168110.94934873213,-0.34034390411643173
2024-09-23,274389.43059435475,0.32360861044749695
2024-09-24,173502.4178761314,0.15628355553961412
2024-09-25,-236673.68954886118,-0.41658119589358966
2024-09-26,262436.74309620354,0.2666036847082856
2024-09-27,-83809.50542344108,-0.22963690709314408
2024-09-30,329911.2311230207,0.4052151569888409
2024-10-01,-833084.4007610148,-1.5640897322155536
2024-10-02,19193.43128224379,-0.13932244576203623
2024-10-03,-92200.30389123312,-0.3330112569012907
2024-10-04,484253.1733645604,0.5984605948404604
2024-10-07,-615942.152569903,-1.503193044708645
2024-10-08,418683.0632554897,0.5317641292723242
2024-10-09,311408.9323579745,0.4031951441965039
2024-10-10,-92491.27556350277,-0.38818912902541974
2024-10-11,315102.3643236626,0.47685281873384666
2024-10-14,347210.35093326576,0.5119143262388116
2024-10-15,-510918.78322905675,-1.1983588943526837
2024-10-16,166637.9154868843,0.14103899906029074
2024-10-17,3647.0127009338585,-0.0555041662400121
2024-10-18,186154.9922212647,0.402961732291952
2024-10-21,-78025.02188455054,-0.28596712807762104
2024-10-22,-24873.645817688957,-0.10925362469026395
2024-10-23,-548657.0193946362,-1.46900344045749
2024-10-24,100443.26190683215,0.29978108598277586
2024-10-25,-21530.04374971104,-0.04019894484727289
2024-10-28,122455.80775426172,0.3872620939942143
2024-10-29,83600.18409615746,0.17981249114707204
2024-10-30,-152359.2775138042,-0.5601091224153371
2024-10-31,-1556269.0137761624,-3.2097619494443266
2024-11-01,243568.23971420995,0.6758318104953377
2024-11-04,-101625.92068568052,-0.14202486476504117
2024-11-05,579351.6293221735,1.3620209940675911
2024-11-06,2171147.214648137,3.1763181774991933
2024-11-07,471400.63164031535,0.5701974484509513
2024-11-08,274603.1188971795,0.27941989384934285
2024-11-11,51829.38405695611,-0.03184227850989929
2024-11-12,-181432.81811108693,-0.4139322901365822
2024-11-13,26268.195630562266,-0.08590247078980627
2024-11-14,-317229.71235580684,-0.5809979845467137
2024-11-15,-1188263.425624777,-1.6555016279989878
2024-11-18,206412.76651218795,0.2709908366179282
2024-11-19,229876.4994985058,0.2853128999409595
2024-11-20,22090.953436394633,-0.04405878691509612
2024-11-21,313136.85218981624,0.3516960244894332
2024-11-22,161149.14814382143,0.12437946611870371
2024-11-25,188075.67693064583,0.15765074843480545
2024-11-26,301172.7390700673,0.30102103931953234
2024-11-27,-136339.8906104718,-0.3155711441249532
2024-11-29,235478.9173930182,0.09717837230476224
2024-12-02,95443.70503577674,-0.12523754372077897
2024-12-03,15457.13735844492,-0.2701984858513922
2024-12-04,368579.78007704584,0.345231450131285
2024-12-05,-63386.221699335336,-0.3323995993241359
2024-12-06,84946.05454415639,0.14933974423621296
2024-12-09,-236074.33966895792,-0.7231697135343697
2024-12-10,-150068.13008229627,-0.4372914688927412
2024-12-11,304024.3539009501,0.8165517373091887
2024-12-12,-226431.0573937874,-0.6793869913507328
2024-12-13,-10370.07461316534,-0.10620110038781791
2024-12-16,386777.2133831311,1.4403311434142752
2024-12-17,-358675.69741164276,-1.9786801760463086
2024-12-18,-5048802.58565227,-4.174251817058996
2024-12-19,-53348.206464096096,0.1186598170041659
2024-12-20,1845815.2258770065,1.5729749298763844
2024-12-23,536912.9264944178,0.5048901377268509
2024-12-24,458599.5259780503,0.4300276684629472
2024-12-26,148.70778235467014,0.07784208847240498
2024-12-27,-872797.6505818133,-0.5826947582770164
2024-12-30,-813874.9129566366,-0.49262058483565635
2024-12-31,-273555.09538440424,-0.05368907264828204
2025-01-02,-168100.92751354858,0.03651716915216754
2025-01-03,663922.7176017042,0.6752486899482012
2025-01-06,356086.7220640476,0.41628315758831763
2025-01-07,-823145.8232334635,-0.4639811790944974
2025-01-08,83241.06354261693,0.22541765536357478
2025-01-10,-1391000.9543676982,-0.8494665171978173
2025-01-13,92832.40831095069,0.28403910814225725
2025-01-14,92061.91607781882,0.2708079079181814
2025-01-15,1277505.2106667894,1.0852912429195036
2025-01-16,-98791.04451851697,0.09294951854701804
2025-01-17,707942.66354123,0.6416493257404414
2025-01-21,540645.6314737867,0.5726753707157444
2025-01-22,338224.50107312854,0.278538664740858
2025-01-23,300526.36779204477,0.3899510964202325
2025-01-24,-131541.47711017414,-0.23488564963108996
2025-01-27,-1240325.5844937866,-1.7192279390708745
2025-01-28,487994.48576052696,0.7670022977574699
2025-01-29,-220927.12081882867,-0.31477082300521586
2025-01-30,265906.8752766947,0.34741345891229836
2025-01-31,-434973.6436916187,-0.7263812847265193
2025-02-03,-561180.7567391297,-0.8744121762201387
2025-02-04,293384.09417541564,0.45987760226913443
2025-02-05,160055.46478103838,0.2701778659736827
2025-02-06,163938.53688419267,0.20841926426514426
2025-02-07,-640521.7847146587,-1.0156846381074205
2025-02-10,232565.22507663062,0.2800573671598607
2025-02-11,27012.19404979349,-0.09431117225150601
2025-02-12,-183953.02718041552,-0.45653066840444356
2025-02-13,535758.1666164928,1.0648894909196942
2025-02-14,-1477.130790858998,-0.07010988975406217
2025-02-18,108612.47229023627,0.2368473836559009
2025-02-19,93164.27095683706,0.2623702645548423
2025-02-20,-196361.2745743342,-0.350392821387799
2025-02-21,-1542240.2097025514,-2.633699226405905
2025-02-24,-303221.8410822662,-0.29100214560388166
2025-02-25,-356819.2444088653,-0.5366440130958592
2025-02-26,26808.203723820796,0.3395521929972257
2025-02-27,-1445824.403031038,-2.329310601531449
2025-02-28,1643728.5757934519,2.6209719809172425
2025-03-03,-1682362.5665778536,-1.9851621640001447
2025-03-04,-1573195.1219418976,-1.646728988561203
2025-03-05,945181.8534362762,1.3484177813980036
2025-03-06,-1732636.6612546598,-1.5808386128460414
2025-03-07,546256.5632934638,0.8887573153393094
2025-03-10,-3323383.733823165,-2.539487027708146
2025-03-11,-974737.285065902,-0.44173308740074635
2025-03-12,488922.4977744436,0.8070592927513642
2025-03-13,-1676836.276653964,-0.9722338311843405
2025-03-14,1727716.6086766077,1.7216045192823068
2025-03-17,542454.8077416244,0.7585101462610903
2025-03-18,-1003899.8485610143,-0.39940858802442203
2025-03-19,988051.9956355175,1.0829709132007774
2025-03-20,-218466.73585151669,0.17213202742309425
2025-03-21,28161.796077195693,0.30425326175498746
2025-03-24,1858475.0414741416,1.5202313835940537
2025-03-25,119185.96498137954,0.2543773776036683
2025-03-26,-736572.9983067138,-0.33078032207059366
2025-03-27,-148718.50630795915,0.04406438189112752
2025-03-28,-1788351.5572902018,-1.0493496719500233
2025-03-31,764794.7716941182,0.7704742552436634
2025-04-01,208558.1912364491,0.2918946107915128
2025-04-02,562315.5854152468,0.5865814832702698
2025-04-03,-7971508.777051356,-3.484049618028082
2025-04-04,-16583958.506577266,-3.65216228421822
2025-04-07,-712890.8594377465,0.12386846185545965
2025-04-08,-3231977.296180164,-0.45403084198778915
2025-04-09,31378335.91908946,3.6987659772198467
2025-04-10,-8338171.046158744,-0.950784738233653
2025-04-11,2244030.881371702,0.271471063512563
2025-04-14,823590.5732032504,0.10546245072724167
2025-04-15,-201625.6005807527,-0.01779822948283506
2025-04-16,-2235961.7320935763,-0.23431588934696498
2025-04-17,133222.65718498835,0.03753163126791637
2025-04-21,-2074049.9409012313,-0.2052362045445991
2025-04-22,2397193.2495020223,0.30764242695562877
2025-04-23,1759188.8620191761,0.22428260295769611
2025-04-24,1683529.1664007087,0.2014214694465797
2025-04-25,539305.2377944303,0.0657681487377161
2025-04-28,26709.189108335508,-0.003666087495371234
2025-04-29,370819.6173592729,0.03825195955907863
2025-04-30,59400.354385245926,0.003229165524225022
2025-05-01,539432.7473607239,0.0586720153495158
2025-05-02,1093214.0117986724,0.07196204874435713
2025-05-05,-280479.3242409217,-0.21140699803873164
2025-05-06,-499772.1748931863,-0.24228478987593152
2025-05-07,288824.3791800185,-0.16179663504505193
2025-05-08,546953.2392312412,0.26445986582883685
2025-05-09,-58757.900550914994,-0.35053877121276616
2025-05-12,3179223.4305630447,2.1659416051225517
2025-05-13,570399.105050351,0.13972332218380837
2025-05-14,96687.95750886243,-0.2436867149248157
2025-05-15,408941.13896352146,-0.11712632024249965
2025-05-16,589163.6569379376,0.02473745618611122
2025-05-19,90921.07924594116,-0.6253602996188522
2025-05-20,-317715.87441661267,-0.9954732459960851
2025-05-21,-1883692.1237704926,-2.3229929615061677
2025-05-22,31186.3874063406,-0.26141675536644027
2025-05-23,-619753.0992836868,-0.8935604481453604
2025-05-27,1789167.4338084755,1.4995434186133534
2025-05-28,-469643.7782348052,-0.7217129031505961
2025-05-29,321708.1113016773,0.05056529387556217
2025-05-30,-116628.38864637188,-0.35172577945815847
2025-06-02,417559.7808569365,0.21566973516728924
2025-06-03,436295.3808557712,0.1994925513363769
2025-06-04,-19549.949089315127,-0.29224474783258725
2025-06-05,-516453.61953565653,-0.7507885676347746
2025-06-06,795713.901842609,0.5640941626698353
2025-06-09,58835.854288127215,-0.18507427470465176
2025-06-10,464336.91774580866,0.5012963264953872
2025-06-11,-332028.18084929313,-0.5525796576125153
2025-06-12,321994.1146974222,0.3493636330370276
2025-06-13,-1199840.8805888041,-1.5618954134850458
2025-06-16,963190.351390546,1.2165867730400384
2025-06-17,-862980.5086151608,-1.0243638316495651
2025-06-18,-12539.462534696533,0.01134320645750452
2025-06-20,-279083.9218088925,-0.4977549426776283
2025-06-23,1067696.8772199221,1.3392961103546985
2025-06-24,940663.4326341633,1.0505535846133596
2025-06-25,49527.76556671235,-0.08523652692447381
2025-06-26,721379.7657721052,0.9209796705858042
2025-06-27,507938.4870286556,0.5512692145892548
2025-06-30,523236.1999348829,0.5232118010923329
2025-07-01,-28290.26777926101,-0.33964042085863466
2025-07-02,373939.5193678292,0.32195457928083265
2025-07-03,494969.6885799261,0.4760178212141983
2025-07-07,-694167.0185813657,-1.4176912741339056
2025-07-08,-40931.35741195044,-0.3152048257767306
2025-07-09,474638.24637270905,0.4906130174755186
2025-07-10,191124.9320862719,0.05248404037088872
2025-07-11,-262516.64398640674,-0.6979724648361206
2025-07-14,119153.55247409115,-0.05462465829520996
2025-07-15,-375842.47610995575,-1.0645141847583686
2025-07-16,346201.97144414065,0.3632651489006656
2025-07-17,513719.0642631897,0.6289553201506851
2025-07-18,-53053.223382922486,-0.6280756793930193
2025-07-21,140339.26238592027,-0.253532048884944
2025-07-22,11135.727173409461,-0.4758049412801685
2025-07-23,721135.4510249682,1.4339505961651802
2025-07-24,26510.355583025987,-0.4261061376689227
2025-07-25,284216.2701933237,0.342083190922641
2025-07-28,-18264.5754221104,-0.4512404492721912
2025-07-29,-196448.37601877304,-0.8759139499296169
2025-07-30,-123021.19023881402,-0.6412211086061448
2025-07-31,-466341.42795974505,-1.4554106947457106
2025-08-01,-2644707.345529782,-3.686969791848695
2025-08-04,1349336.4110291887,1.8082617284563962
2025-08-05,-404700.3349083183,-0.5138990902140467
2025-08-06,571368.5376127571,0.7742876531819319
2025-08-07,-69581.62007071961,-0.05705203516189541
2025-08-08,572771.478649347,0.7305220848187794
2025-08-11,-144194.61040873,-0.19148251626950807
2025-08-12,839965.2505824566,0.9960998132664286
2025-08-13,251888.01069209183,0.24886604310149227
2025-08-14,560.5628321508921,-0.04134027990119602
2025-08-15,-190939.53476906562,-0.28017277564574955
2025-08-18,-12044.616260183679,-0.0388167812820681
2025-08-19,-455957.6542766181,-0.5779722268392568
2025-08-20,-281633.7840587819,-0.2965360616192435
2025-08-21,-258652.2533485325,-0.2473486948196514
2025-08-22,1512252.3922662586,1.812386229004512
2025-08-25,-283331.46270186274,-0.3110208288051598
2025-08-26,261329.31776710929,0.30873050705149635
2025-08-27,147686.72225319198,0.15776686387107045
2025-08-28,259697.55896026947,0.24945509409059347
2025-08-29,-529766.5459824672,-1.2079460497564625
2025-09-02,-766686.080267003,-1.541692008390457
2025-09-03,460072.9297700545,0.6948216151032824
2025-09-04,686467.8821750426,1.1011572432518366
2025-09-05,-281519.671932716,-0.6891479025754924
2025-09-08,206121.20085727147,0.256260525733404
2025-09-09,207119.7965509757,0.22555298054780176
2025-09-10,350400.10013149696,0.5733774695033451
2025-09-11,758099.8378708186,1.2819426428058311
2025-09-12,-32704.87841037548,-0.23088357706084056
2025-09-15,434219.0915078456,0.6025112511893885
2025-09-16,-111717.04780026553,-0.4301905118937234
2025-09-17,-165911.56559978315,-0.5750178355596354
2025-09-18,548754.6433941498,0.741317929793356
2025-09-19,557623.0220653432,0.6834084036267669
2025-09-22,441777.3488895511,0.6937578825938847
2025-09-23,-559784.1085654838,-1.6366351264280374
2025-09-24,-367155.7570630029,-1.080838453664654
2025-09-25,-491777.0079628658,-1.234349680259871
2025-09-26,478195.7580185346,0.8230392150512147
2025-09-29,246010.03555253876,0.25928089552861655
2025-09-30,381502.1261860001,0.4883425094398385
2025-10-01,334924.43523222615,0.39044261817549303
2025-10-02,84867.76088327968,-0.17571600331187134
2025-10-03,1547.2848552589912,-0.4492248860261752
2025-10-06,250117.53074619605,0.22720392631802364
2025-10-07,-332153.5650097827,-1.2402818512597509
2025-10-08,442999.3890417021,0.7757212652402309
2025-10-09,-228785.2684487272,-0.8908640045237753
2025-10-10,-5095116.291780044,-4.05542004421307
2025-10-13,1499927.883339302,1.2659824357259344
2025-10-14,-128179.46118360257,-0.01826876050473092
2025-10-15,440541.9047459475,0.4048073748296894
2025-10-16,-878523.4841343008,-0.5740036368814119
2025-10-17,650260.3258926546,0.6190511632933295
2025-10-20,792572.3562284642,0.7106239973244489
2025-10-21,-4282.922235331478,0.0714300343509488
2025-10-22,-522631.9898653205,-0.3251130543121139
2025-10-23,473433.73079657916,0.40989776826311175
2025-10-24,750616.6685001507,0.6106163929342441
2025-10-27,1000391.5173317221,0.7624513022521937
2025-10-28,198820.87684926752,0.16134483538672512
2025-10-29,43727.86292239334,0.05461997478631006
2025-10-30,-1029154.6696842066,-0.7100526210320952
2025-10-31,347032.3647282418,0.30971610136675193
2025-11-03,134367.25220037968,0.15488289906526195
2025-11-04,-1169327.8160570762,-0.7786224794284662
2025-11-05,328199.51213549287,0.3311070752770256
2025-11-06,-1107507.0853141216,-0.6884148582422139
2025-11-07,129510.52085328687,0.043892440980046465
2025-11-10,1507698.780394294,1.9304262417424451
2025-11-11,178038.7229215225,0.0890136098399023
2025-11-12,44287.37219961319,-0.06775204237657444
2025-11-13,-2162941.669632771,-2.5502459372009874
2025-11-14,-20341.835843496956,-0.018850539458448026
2025-11-17,-1028829.7832426599,-1.0920185327473584
2025-11-18,-1147189.2168446265,-1.1226309491177766
2025-11-19,427991.55162267707,0.598566522706191
2025-11-20,-2928025.5376707115,-2.4584516399974485
2025-11-21,1447446.3452301621,1.5012005833138438
2025-11-24,1411054.9585653315,1.4162140257797666
2025-11-25,921394.2900835936,0.9393101347365892
2025-11-26,578656.6811827704,0.6191999073597871
2025-11-28,318926.3208050867,0.3478887826544837
2025-12-01,-381276.8120878378,-0.218091953088063
2025-12-02,144628.27871752137,0.2305574503220666
2025-12-03,260622.43146932372,0.27409436961180433
2025-12-04,61003.54142337456,0.11207363353448482
2025-12-05,195381.7613137102,0.17651593711109642
2025-12-08,-215529.29601225787,-0.17527115697080514
2025-12-09,-69259.1202652931,0.027300086827985022
2025-12-10,870385.2191042118,0.8642780668301365
2025-12-11,361911.5807046078,0.3776517295344154
2025-12-12,-1514500.410410016,-1.460965515970264
2025-12-15,-174110.80255615184,-0.14719962720375998
2025-12-16,-502506.4946091162,-0.5027378321806657
2025-12-17,-1854019.9350424593,-1.7193306735817737
2025-12-18,1406428.1074751967,1.2588834896661383
2025-12-19,1158362.3368808725,1.0567177288686198
2025-12-22,616766.7135597836,0.5173294280226118
2025-12-23,412630.9683481062,0.3551709290251622
2025-12-24,171623.39706800334,0.10241622521798503
2025-12-26,-6523.934982423685,-0.09080887975011234
2025-12-29,-278825.37905857153,-0.40661269024917357
2025-12-30,-75665.21279003493,-0.16295089589596762
2025-12-31,-644151.2269545133,-0.8409936651495812
2026-01-02,213919.96411792736,0.2671082317918623
2026-01-05,702352.8928211695,0.8385596402724015
2026-01-06,551179.3364442361,0.6190560414682349
2026-01-07,-318957.300019433,-0.46217391358595583
2026-01-08,-6966.786087055565,-0.07670921921267286
2026-01-09,665818.0160651153,0.7856766039466029
2026-01-12,135024.0972260916,0.129612619259909
2026-01-13,-204554.76581489842,-0.4313222103833825
2026-01-14,-611614.7419237801,-0.9584795611741286
2026-01-15,276173.56098311034,0.22768607701266566
2026-01-16,-83071.66259445579,-0.5349518566885314
2026-01-20,-3008110.899384243,-3.5661760901989448
2026-01-21,1802672.3034817046,1.9930670587729993
2026-01-22,497848.5378624346,0.5468848385598782
2026-01-23,24010.539339523857,0.038182888435160676
2026-01-26,411877.6064760443,0.4593304427304649
2026-01-27,286594.04198132694,0.30169751823044194
2026-01-28,-9533.159961592111,-0.04460797593616445
2026-01-29,-249201.62036754112,-0.3030093333825524
2026-01-30,-407459.94269686064,-0.4976709528595939
2026-02-02,521205.27321477747,0.5297689568789483
2026-02-03,-1128306.736521279,-1.1866089941166147
2026-02-04,-682107.9653367113,-0.6318592194492427
2026-02-05,-1780762.357237753,-1.623081111802775
2026-02-06,2225116.8384825354,2.0370738838039646
2026-02-09,444903.0230357509,0.466715566203723
2026-02-10,-233758.71584609945,-0.12380377198917718
2026-02-11,-24327.29204583254,0.05554783131896206
2026-02-12,-2200727.46411474,-1.682608308567061
2026-02-13,92538.73112202375,0.22176881675335663
2026-02-17,167002.87239510485,0.27260447377911334
2026-02-18,486038.87032166176,0.46802634881601807
2026-02-19,-187942.33582289654,-0.10923516997925166
2026-02-20,865438.3191294381,0.9975435615384289
2026-02-23,-1212589.2407718191,-1.1147252667909466
2026-02-24,650770.4981619328,0.7862006830502416
2026-02-25,670159.6472496163,0.7768576959666926
2026-02-26,-505707.202064794,-0.3832177921876002
2026-02-27,-511950.2152026481,-0.37498204106761257
2026-03-02,61352.2954054677,0.17604780481569046
2026-03-03,-1268483.3059756495,-1.0468434468146146
2026-03-04,748531.1492059556,0.8465512488973994
2026-03-05,-754573.7543735217,-0.6308894074646471
2026-03-06,-1638960.395118662,-1.5258797349906335
2026-03-09,1167150.1392442875,1.4782170553732676
2026-03-10,-200349.20932702304,-0.009966404640563463
2026-03-11,-108832.41530609102,0.08626719047750471
2026-03-12,-2441538.1050136588,-2.0976190688314014
2026-03-13,-865354.7181703357,-0.6753371751764915
2026-03-16,1039446.3201533009,1.272115803427102
2026-03-17,331962.8931807309,0.5306127028524454
2026-03-18,-1627464.361172784,-1.3254613814107201
2026-03-19,-340559.3243450171,-0.04308358509225714
2026-03-20,-2890679.5654987916,-2.1395595756611496
2026-03-23,1972191.3891153329,1.8591855115154676
2026-03-24,-447112.9347186432,-0.05481708199164263
2026-03-25,759171.5596094697,0.931540340192597
2026-03-26,-2046557.8749261848,-1.2500097103156738
2026-03-27,-2210135.139635261,-1.25341254298227
2026-03-30,-440693.0973177221,0.09228431172005737
2026-03-31,5293900.704854442,2.9868255415849854
2026-04-01,966669.6114102239,0.6409535859155161
2026-04-02,96255.81790792888,0.14979091023955893
2026-04-06,246901.915811905,0.18316564402172572
2026-04-07,40549.85239684206,0.10225734516004059
2026-04-08,2946773.093001109,1.5207303287111724
2026-04-09,408583.67076175334,0.19113200801337146
2026-04-10,-35876.56781175117,-0.1063674364042017
2026-04-13,718688.1805976334,0.2623339549265808
2026-04-14,919348.5945464242,0.37590854619765257
2026-04-15,565106.4008495021,0.1753446213507239
2026-04-16,154960.8610759675,-0.10087871953815504
2026-04-17,1065477.700296168,0.3729263404605604
2026-04-20,-111850.11142334623,-0.4088097999349939
2026-04-21,-504590.4416002109,-0.5841922706412496
2026-04-22,544133.5779688508,0.04800775762300725
2026-04-23,-280456.0565334069,-0.4426199949731052
2026-04-24,440232.92897983646,-0.06891710687598428
2026-04-27,74739.63534763848,-0.4395187644818064
2026-04-28,-270870.0943800547,-0.7112359783481047
2026-04-29,-10365.120299353905,-0.5520471835363152
2026-04-30,833995.6283520501,0.6002067363069281
2026-05-01,158857.79425654875,-0.3215470752740498
2026-05-04,-235938.47313873697,-0.8115028647425571
2026-05-05,424250.94210411503,0.04568673623865982
2026-05-06,1049242.748399206,1.5966507545414574
2026-05-07,-207928.83085262513,-0.9755295324488331
2026-05-08,475262.95104184665,0.384821967665354
2026-05-11,133172.10051832264,-0.2708303109347974
2026-05-12,-103740.71896041135,-0.6945690040739642
2026-05-13,314996.3298888458,0.2651775054075367
2026-05-14,460955.49866969936,0.554612823304251
2026-05-15,-906771.4756069487,-2.1853567469183384
2026-05-18,-46956.33075607801,-0.352372905464268
2026-05-19,-445302.7693875538,-1.2247896400288392
2026-05-20,602059.836096977,1.03121617014814
2026-05-21,116551.38216898486,-0.057760937975123036
2026-05-22,203545.11406333133,0.16133719259028792
2026-05-26,364021.705179765,0.4830656435101391
2026-05-27,-7658.339981689904,-0.37494363496448985
