date,prob_trump
2024-01-05,0.5
2024-01-06,0.405
2024-01-07,0.405
2024-01-08,0.475
2024-01-09,0.465
2024-01-10,0.455
2024-01-11,0.465
2024-01-12,0.475
2024-01-13,0.485
2024-01-14,0.485
2024-01-15,0.475
2024-01-16,0.475
2024-01-17,0.485
2024-01-18,0.485
2024-01-19,0.485
2024-01-20,0.485
2024-01-21,0.485
2024-01-22,0.485
2024-01-23,0.545
2024-01-24,0.545
2024-01-25,0.545
2024-01-26,0.545
2024-01-27,0.545
2024-01-28,0.545
2024-01-29,0.545
2024-01-30,0.545
2024-01-31,0.545
2024-02-01,0.525
2024-02-02,0.525
2024-02-03,0.525
2024-02-04,0.525
2024-02-05,0.525
2024-02-06,0.525
2024-02-07,0.525
2024-02-08,0.525
2024-02-09,0.525
2024-02-10,0.515
2024-02-11,0.525
2024-02-12,0.525
2024-02-13,0.535
2024-02-14,0.525
2024-02-15,0.525
2024-02-16,0.53
2024-02-17,0.525
2024-02-18,0.525
2024-02-19,0.535
2024-02-20,0.545
2024-02-21,0.545
2024-02-22,0.545
2024-02-23,0.545
2024-02-24,0.535
2024-02-25,0.535
2024-02-26,0.535
2024-02-27,0.525
2024-02-28,0.525
2024-02-29,0.525
2024-03-01,0.525
2024-03-02,0.525
2024-03-03,0.535
2024-03-04,0.535
2024-03-05,0.535
2024-03-06,0.535
2024-03-07,0.535
2024-03-08,0.535
2024-03-09,0.535
2024-03-10,0.535
2024-03-11,0.515
2024-03-12,0.515
2024-03-13,0.515
2024-03-14,0.515
2024-03-15,0.515
2024-03-16,0.515
2024-03-17,0.515
2024-03-18,0.515
2024-03-19,0.515
2024-03-20,0.515
2024-03-21,0.515
2024-03-22,0.515
2024-03-23,0.515
2024-03-24,0.495
2024-03-25,0.495
2024-03-26,0.495
2024-03-27,0.495
2024-03-28,0.495
2024-03-29,0.495
2024-03-30,0.485
2024-03-31,0.485
2024-04-01,0.485
2024-04-02,0.485
2024-04-03,0.485
2024-04-04,0.475
2024-04-05,0.465
2024-04-06,0.465
2024-04-07,0.465
2024-04-08,0.465
2024-04-09,0.465
2024-04-10,0.465
2024-04-11,0.455
2024-04-12,0.455
2024-04-13,0.455
2024-04-14,0.455
2024-04-15,0.455
2024-04-16,0.455
2024-04-17,0.445
2024-04-18,0.445
2024-04-19,0.425
2024-04-20,0.425
2024-04-21,0.435
2024-04-22,0.435
2024-04-23,0.435
2024-04-24,0.435
2024-04-25,0.425
2024-04-26,0.425
2024-04-27,0.435
2024-04-28,0.435
2024-04-29,0.435
2024-04-30,0.435
2024-05-01,0.445
2024-05-02,0.455
2024-05-03,0.455
2024-05-04,0.465
2024-05-05,0.465
2024-05-06,0.465
2024-05-07,0.465
2024-05-08,0.465
2024-05-09,0.455
2024-05-10,0.445
2024-05-11,0.445
2024-05-12,0.445
2024-05-13,0.445
2024-05-14,0.51
2024-05-15,0.485
2024-05-16,0.495
2024-05-17,0.495
2024-05-18,0.505
2024-05-19,0.515
2024-05-20,0.515
2024-05-21,0.54
2024-05-22,0.545
2024-05-23,0.55
2024-05-24,0.545
2024-05-25,0.545
2024-05-26,0.555
2024-05-27,0.555
2024-05-28,0.555
2024-05-29,0.565
2024-05-30,0.565
2024-05-31,0.535
2024-06-01,0.545
2024-06-02,0.535
2024-06-03,0.535
2024-06-04,0.535
2024-06-05,0.555
2024-06-06,0.555
2024-06-07,0.545
2024-06-08,0.555
2024-06-09,0.555
2024-06-10,0.555
2024-06-11,0.565
2024-06-12,0.555
2024-06-13,0.565
2024-06-14,0.565
2024-06-15,0.565
2024-06-16,0.565
2024-06-17,0.565
2024-06-18,0.565
2024-06-19,0.565
2024-06-20,0.565
2024-06-21,0.565
2024-06-22,0.565
2024-06-23,0.575
2024-06-24,0.575
2024-06-25,0.585
2024-06-26,0.595
2024-06-27,0.595
2024-06-28,0.605
2024-06-29,0.625
2024-06-30,0.625
2024-07-01,0.615
2024-07-02,0.66
2024-07-03,0.65
2024-07-04,0.615
2024-07-05,0.605
2024-07-06,0.605
2024-07-07,0.625
2024-07-08,0.625
2024-07-09,0.605
2024-07-10,0.625
2024-07-11,0.625
2024-07-12,0.6
2024-07-13,0.595
2024-07-14,0.675
2024-07-15,0.695
2024-07-16,0.705
2024-07-17,0.685
2024-07-18,0.675
2024-07-19,0.615
2024-07-20,0.645
2024-07-21,0.64
2024-07-22,0.63
2024-07-23,0.625
2024-07-24,0.605
2024-07-25,0.625
2024-07-26,0.615
2024-07-27,0.585
2024-07-28,0.575
2024-07-29,0.585
2024-07-30,0.595
2024-07-31,0.585
2024-08-01,0.555
2024-08-02,0.535
2024-08-03,0.525
2024-08-04,0.545
2024-08-05,0.515
2024-08-06,0.535
2024-08-07,0.515
2024-08-08,0.485
2024-08-09,0.4915
2024-08-10,0.476
2024-08-11,0.453
2024-08-12,0.4555
2024-08-13,0.4585
2024-08-14,0.4555
2024-08-15,0.447
2024-08-16,0.443
2024-08-17,0.4545
2024-08-18,0.4865
2024-08-19,0.4835
2024-08-20,0.486
2024-08-21,0.5025
2024-08-22,0.5215
2024-08-23,0.5175
2024-08-24,0.5015
2024-08-25,0.502
2024-08-26,0.4955
2024-08-27,0.4945
2024-08-28,0.5035
2024-08-29,0.503
2024-08-30,0.498
2024-08-31,0.4995
2024-09-01,0.5025
2024-09-02,0.5085
2024-09-03,0.5175
2024-09-04,0.5115
2024-09-05,0.5295
2024-09-06,0.528
2024-09-07,0.5055
2024-09-08,0.5
2024-09-09,0.513
2024-09-10,0.5225
2024-09-11,0.5195
2024-09-12,0.496
2024-09-13,0.491
2024-09-14,0.491
2024-09-15,0.4885
2024-09-16,0.494
2024-09-17,0.4945
2024-09-18,0.4805
2024-09-19,0.4675
2024-09-20,0.4715
2024-09-21,0.479
2024-09-22,0.4755
2024-09-23,0.4695
2024-09-24,0.4825
2024-09-25,0.481
2024-09-26,0.4885
2024-09-27,0.4895
2024-09-28,0.4855
2024-09-29,0.4825
2024-09-30,0.4905
2024-10-01,0.4885
2024-10-02,0.4825
2024-10-03,0.4925
2024-10-04,0.4965
2024-10-05,0.4975
2024-10-06,0.5015
2024-10-07,0.5075
2024-10-08,0.5395
2024-10-09,0.529
2024-10-10,0.5335
2024-10-11,0.5545
2024-10-12,0.5405
2024-10-13,0.5495
2024-10-14,0.5395
2024-10-15,0.5505
2024-10-16,0.5765
2024-10-17,0.5855
2024-10-18,0.6185
2024-10-19,0.5995
2024-10-20,0.6005
2024-10-21,0.6065
2024-10-22,0.649
2024-10-23,0.6475
2024-10-24,0.6155
2024-10-25,0.641
2024-10-26,0.6385
2024-10-27,0.6455
2024-10-28,0.6495
2024-10-29,0.6585
2024-10-30,0.6655
2024-10-31,0.6475
2024-11-01,0.6325
2024-11-02,0.5825
2024-11-03,0.5585
2024-11-04,0.5635
2024-11-05,0.5855
2024-11-06,0.58
